Location,TimeFrame,CHILD_SUPPORT_COLLECT_PCT
Adair,2000,0.47
Adair,2001,0.59
Adair,2002,0.65
Adair,2003,0.64
Adair,2004,0.67
Adair,2005,0.67
Adair,2006,0.69
Adair,2007,0.67
Adair,2008,0.71
Adair,2009,0.68
Adair,2010,0.69
Adair,2011,0.69
Adair,2012,0.67
Adair,2013,0.71
Adair,2014,0.73
Adair,2015,0.75
Adair,2016,0.73
Adair,2017,0.73
Adair,2018,0.74
Adair,2019,0.73
Allen,2000,0.62
Allen,2001,0.66
Allen,2002,0.67
Allen,2003,0.68
Allen,2004,0.68
Allen,2005,0.68
Allen,2006,0.67
Allen,2007,0.68
Allen,2008,0.69
Allen,2009,0.69
Allen,2010,0.71
Allen,2011,0.72
Allen,2012,0.73
Allen,2013,0.73
Allen,2014,0.74
Allen,2015,0.75
Allen,2016,0.75
Allen,2017,0.73
Allen,2018,0.7
Allen,2019,0.68
Anderson,2000,0.61
Anderson,2001,0.62
Anderson,2002,0.59
Anderson,2003,0.64
Anderson,2004,0.68
Anderson,2005,0.68
Anderson,2006,0.68
Anderson,2007,0.67
Anderson,2008,0.69
Anderson,2009,0.67
Anderson,2010,0.7
Anderson,2011,0.68
Anderson,2012,0.68
Anderson,2013,0.65
Anderson,2014,0.62
Anderson,2015,0.63
Anderson,2016,0.63
Anderson,2017,0.61
Anderson,2018,0.59
Anderson,2019,0.58
Ballard,2000,0.56
Ballard,2001,0.57
Ballard,2002,0.54
Ballard,2003,0.55
Ballard,2004,0.56
Ballard,2005,0.53
Ballard,2006,0.59
Ballard,2007,0.59
Ballard,2008,0.6
Ballard,2009,0.65
Ballard,2010,0.64
Ballard,2011,0.66
Ballard,2012,0.62
Ballard,2013,0.63
Ballard,2014,0.65
Ballard,2015,0.64
Ballard,2016,0.63
Ballard,2017,0.66
Ballard,2018,0.62
Ballard,2019,0.62
Barren,2000,0.63
Barren,2001,0.62
Barren,2002,0.59
Barren,2003,0.58
Barren,2004,0.57
Barren,2005,0.57
Barren,2006,0.59
Barren,2007,0.59
Barren,2008,0.6
Barren,2009,0.62
Barren,2010,0.64
Barren,2011,0.63
Barren,2012,0.64
Barren,2013,0.63
Barren,2014,0.62
Barren,2015,0.62
Barren,2016,0.61
Barren,2017,0.6
Barren,2018,0.57
Barren,2019,0.57
Bath,2000,0.49
Bath,2001,0.5
Bath,2002,0.52
Bath,2003,0.57
Bath,2004,0.6
Bath,2005,0.59
Bath,2006,0.56
Bath,2007,0.53
Bath,2008,0.51
Bath,2009,0.5
Bath,2010,0.51
Bath,2011,0.5
Bath,2012,0.5
Bath,2013,0.48
Bath,2014,0.47
Bath,2015,0.52
Bath,2016,0.51
Bath,2017,0.52
Bath,2018,0.53
Bath,2019,0.53
Bell,2000,0.46
Bell,2001,0.52
Bell,2002,0.55
Bell,2003,0.59
Bell,2004,0.56
Bell,2005,0.52
Bell,2006,0.52
Bell,2007,0.57
Bell,2008,0.61
Bell,2009,0.61
Bell,2010,0.59
Bell,2011,0.56
Bell,2012,0.55
Bell,2013,0.53
Bell,2014,0.48
Bell,2015,0.52
Bell,2016,0.55
Bell,2017,0.58
Bell,2018,0.61
Bell,2019,0.62
Boone,2000,0.72
Boone,2001,0.73
Boone,2002,0.73
Boone,2003,0.73
Boone,2004,0.73
Boone,2005,0.72
Boone,2006,0.72
Boone,2007,0.71
Boone,2008,0.71
Boone,2009,0.71
Boone,2010,0.71
Boone,2011,0.7
Boone,2012,0.7
Boone,2013,0.7
Boone,2014,0.7
Boone,2015,0.72
Boone,2016,0.73
Boone,2017,0.73
Boone,2018,0.73
Boone,2019,0.74
Bourbon,2000,0.49
Bourbon,2001,0.51
Bourbon,2002,0.49
Bourbon,2003,0.54
Bourbon,2004,0.57
Bourbon,2005,0.57
Bourbon,2006,0.6
Bourbon,2007,0.57
Bourbon,2008,0.55
Bourbon,2009,0.53
Bourbon,2010,0.54
Bourbon,2011,0.51
Bourbon,2012,0.51
Bourbon,2013,0.51
Bourbon,2014,0.51
Bourbon,2015,0.54
Bourbon,2016,0.54
Bourbon,2017,0.56
Bourbon,2018,0.59
Bourbon,2019,0.57
Boyd,2000,0.44
Boyd,2001,0.45
Boyd,2002,0.46
Boyd,2003,0.47
Boyd,2004,0.48
Boyd,2005,0.51
Boyd,2006,0.53
Boyd,2007,0.52
Boyd,2008,0.53
Boyd,2009,0.5
Boyd,2010,0.52
Boyd,2011,0.51
Boyd,2012,0.5
Boyd,2013,0.51
Boyd,2014,0.53
Boyd,2015,0.56
Boyd,2016,0.56
Boyd,2017,0.55
Boyd,2018,0.55
Boyd,2019,0.56
Boyle,2000,0.54
Boyle,2001,0.57
Boyle,2002,0.53
Boyle,2003,0.54
Boyle,2004,0.52
Boyle,2005,0.53
Boyle,2006,0.56
Boyle,2007,0.55
Boyle,2008,0.57
Boyle,2009,0.57
Boyle,2010,0.58
Boyle,2011,0.57
Boyle,2012,0.58
Boyle,2013,0.56
Boyle,2014,0.57
Boyle,2015,0.6
Boyle,2016,0.61
Boyle,2017,0.62
Boyle,2018,0.59
Boyle,2019,0.58
Bracken,2000,0.53
Bracken,2001,0.54
Bracken,2002,0.56
Bracken,2003,0.57
Bracken,2004,0.62
Bracken,2005,0.59
Bracken,2006,0.57
Bracken,2007,0.58
Bracken,2008,0.57
Bracken,2009,0.57
Bracken,2010,0.56
Bracken,2011,0.57
Bracken,2012,0.6
Bracken,2013,0.62
Bracken,2014,0.63
Bracken,2015,0.63
Bracken,2016,0.64
Bracken,2017,0.63
Bracken,2018,0.63
Bracken,2019,0.62
Breathitt,2000,0.47
Breathitt,2001,0.47
Breathitt,2002,0.5
Breathitt,2003,0.51
Breathitt,2004,0.52
Breathitt,2005,0.52
Breathitt,2006,0.55
Breathitt,2007,0.52
Breathitt,2008,0.52
Breathitt,2009,0.55
Breathitt,2010,0.55
Breathitt,2011,0.55
Breathitt,2012,0.53
Breathitt,2013,0.51
Breathitt,2014,0.51
Breathitt,2015,0.48
Breathitt,2016,0.48
Breathitt,2017,0.49
Breathitt,2018,0.5
Breathitt,2019,0.48
Breckinridge,2000,0.63
Breckinridge,2001,0.66
Breckinridge,2002,0.64
Breckinridge,2003,0.65
Breckinridge,2004,0.65
Breckinridge,2005,0.65
Breckinridge,2006,0.66
Breckinridge,2007,0.67
Breckinridge,2008,0.67
Breckinridge,2009,0.67
Breckinridge,2010,0.66
Breckinridge,2011,0.66
Breckinridge,2012,0.67
Breckinridge,2013,0.67
Breckinridge,2014,0.67
Breckinridge,2015,0.68
Breckinridge,2016,0.67
Breckinridge,2017,0.66
Breckinridge,2018,0.65
Breckinridge,2019,0.64
Bullitt,2000,0.45
Bullitt,2001,0.5
Bullitt,2002,0.52
Bullitt,2003,0.55
Bullitt,2004,0.56
Bullitt,2005,0.58
Bullitt,2006,0.63
Bullitt,2007,0.64
Bullitt,2008,0.63
Bullitt,2009,0.63
Bullitt,2010,0.62
Bullitt,2011,0.6
Bullitt,2012,0.57
Bullitt,2013,0.56
Bullitt,2014,0.56
Bullitt,2015,0.57
Bullitt,2016,0.57
Bullitt,2017,0.56
Bullitt,2018,0.56
Bullitt,2019,0.56
Butler,2000,0.59
Butler,2001,0.62
Butler,2002,0.61
Butler,2003,0.58
Butler,2004,0.58
Butler,2005,0.58
Butler,2006,0.62
Butler,2007,0.64
Butler,2008,0.69
Butler,2009,0.68
Butler,2010,0.64
Butler,2011,0.65
Butler,2012,0.63
Butler,2013,0.63
Butler,2014,0.62
Butler,2015,0.62
Butler,2016,0.64
Butler,2017,0.62
Butler,2018,0.59
Butler,2019,0.59
Caldwell,2000,0.47
Caldwell,2001,0.51
Caldwell,2002,0.55
Caldwell,2003,0.57
Caldwell,2004,0.57
Caldwell,2005,0.58
Caldwell,2006,0.6
Caldwell,2007,0.6
Caldwell,2008,0.62
Caldwell,2009,0.58
Caldwell,2010,0.58
Caldwell,2011,0.56
Caldwell,2012,0.57
Caldwell,2013,0.6
Caldwell,2014,0.61
Caldwell,2015,0.59
Caldwell,2016,0.57
Caldwell,2017,0.59
Caldwell,2018,0.57
Caldwell,2019,0.58
Calloway,2000,0.5
Calloway,2001,0.53
Calloway,2002,0.51
Calloway,2003,0.5
Calloway,2004,0.5
Calloway,2005,0.54
Calloway,2006,0.57
Calloway,2007,0.6
Calloway,2008,0.6
Calloway,2009,0.59
Calloway,2010,0.59
Calloway,2011,0.57
Calloway,2012,0.58
Calloway,2013,0.58
Calloway,2014,0.58
Calloway,2015,0.58
Calloway,2016,0.58
Calloway,2017,0.58
Calloway,2018,0.58
Calloway,2019,0.57
Campbell,2000,0.62
Campbell,2001,0.61
Campbell,2002,0.6
Campbell,2003,0.61
Campbell,2004,0.61
Campbell,2005,0.58
Campbell,2006,0.56
Campbell,2007,0.56
Campbell,2008,0.56
Campbell,2009,0.58
Campbell,2010,0.57
Campbell,2011,0.59
Campbell,2012,0.58
Campbell,2013,0.59
Campbell,2014,0.58
Campbell,2015,0.58
Campbell,2016,0.6
Campbell,2017,0.63
Campbell,2018,0.63
Campbell,2019,0.63
Carlisle,2000,0.53
Carlisle,2001,0.57
Carlisle,2002,0.51
Carlisle,2003,0.52
Carlisle,2004,0.54
Carlisle,2005,0.56
Carlisle,2006,0.6
Carlisle,2007,0.6
Carlisle,2008,0.62
Carlisle,2009,0.6
Carlisle,2010,0.59
Carlisle,2011,0.62
Carlisle,2012,0.57
Carlisle,2013,0.54
Carlisle,2014,0.55
Carlisle,2015,0.55
Carlisle,2016,0.52
Carlisle,2017,0.51
Carlisle,2018,0.53
Carlisle,2019,0.5
Carroll,2000,0.57
Carroll,2001,0.56
Carroll,2002,0.57
Carroll,2003,0.6
Carroll,2004,0.59
Carroll,2005,0.6
Carroll,2006,0.62
Carroll,2007,0.63
Carroll,2008,0.63
Carroll,2009,0.63
Carroll,2010,0.63
Carroll,2011,0.62
Carroll,2012,0.61
Carroll,2013,0.59
Carroll,2014,0.59
Carroll,2015,0.57
Carroll,2016,0.58
Carroll,2017,0.54
Carroll,2018,0.56
Carroll,2019,0.59
Carter,2000,0.52
Carter,2001,0.55
Carter,2002,0.5
Carter,2003,0.52
Carter,2004,0.52
Carter,2005,0.55
Carter,2006,0.55
Carter,2007,0.53
Carter,2008,0.53
Carter,2009,0.54
Carter,2010,0.55
Carter,2011,0.52
Carter,2012,0.52
Carter,2013,0.54
Carter,2014,0.54
Carter,2015,0.57
Carter,2016,0.57
Carter,2017,0.58
Carter,2018,0.61
Carter,2019,0.61
Casey,2000,0.5
Casey,2001,0.5
Casey,2002,0.52
Casey,2003,0.58
Casey,2004,0.59
Casey,2005,0.6
Casey,2006,0.61
Casey,2007,0.61
Casey,2008,0.62
Casey,2009,0.61
Casey,2010,0.62
Casey,2011,0.6
Casey,2012,0.59
Casey,2013,0.6
Casey,2014,0.6
Casey,2015,0.58
Casey,2016,0.57
Casey,2017,0.55
Casey,2018,0.57
Casey,2019,0.53
Christian,2000,0.68
Christian,2001,0.65
Christian,2002,0.6
Christian,2003,0.61
Christian,2004,0.63
Christian,2005,0.63
Christian,2006,0.65
Christian,2007,0.65
Christian,2008,0.64
Christian,2009,0.63
Christian,2010,0.65
Christian,2011,0.68
Christian,2012,0.68
Christian,2013,0.67
Christian,2014,0.67
Christian,2015,0.67
Christian,2016,0.69
Christian,2017,0.7
Christian,2018,0.68
Christian,2019,0.66
Clark,2000,0.45
Clark,2001,0.54
Clark,2002,0.49
Clark,2003,0.5
Clark,2004,0.56
Clark,2005,0.58
Clark,2006,0.61
Clark,2007,0.57
Clark,2008,0.55
Clark,2009,0.59
Clark,2010,0.61
Clark,2011,0.6
Clark,2012,0.6
Clark,2013,0.6
Clark,2014,0.62
Clark,2015,0.62
Clark,2016,0.62
Clark,2017,0.6
Clark,2018,0.6
Clark,2019,0.58
Clay,2000,0.38
Clay,2001,0.39
Clay,2002,0.41
Clay,2003,0.41
Clay,2004,0.38
Clay,2005,0.36
Clay,2006,0.38
Clay,2007,0.38
Clay,2008,0.38
Clay,2009,0.41
Clay,2010,0.45
Clay,2011,0.45
Clay,2012,0.41
Clay,2013,0.39
Clay,2014,0.4
Clay,2015,0.4
Clay,2016,0.42
Clay,2017,0.41
Clay,2018,0.43
Clay,2019,0.41
Clinton,2000,0.43
Clinton,2001,0.5
Clinton,2002,0.51
Clinton,2003,0.6
Clinton,2004,0.57
Clinton,2005,0.58
Clinton,2006,0.58
Clinton,2007,0.55
Clinton,2008,0.53
Clinton,2009,0.54
Clinton,2010,0.57
Clinton,2011,0.56
Clinton,2012,0.56
Clinton,2013,0.54
Clinton,2014,0.5
Clinton,2015,0.54
Clinton,2016,0.61
Clinton,2017,0.62
Clinton,2018,0.61
Clinton,2019,0.59
Crittenden,2000,0.59
Crittenden,2001,0.6
Crittenden,2002,0.62
Crittenden,2003,0.65
Crittenden,2004,0.65
Crittenden,2005,0.67
Crittenden,2006,0.66
Crittenden,2007,0.67
Crittenden,2008,0.67
Crittenden,2009,0.71
Crittenden,2010,0.73
Crittenden,2011,0.73
Crittenden,2012,0.72
Crittenden,2013,0.69
Crittenden,2014,0.69
Crittenden,2015,0.68
Crittenden,2016,0.7
Crittenden,2017,0.67
Crittenden,2018,0.67
Crittenden,2019,0.66
Cumberland,2000,0.38
Cumberland,2001,0.43
Cumberland,2002,0.44
Cumberland,2003,0.5
Cumberland,2004,0.56
Cumberland,2005,0.59
Cumberland,2006,0.58
Cumberland,2007,0.59
Cumberland,2008,0.6
Cumberland,2009,0.6
Cumberland,2010,0.59
Cumberland,2011,0.56
Cumberland,2012,0.61
Cumberland,2013,0.65
Cumberland,2014,0.63
Cumberland,2015,0.64
Cumberland,2016,0.66
Cumberland,2017,0.64
Cumberland,2018,0.63
Cumberland,2019,0.62
Daviess,2000,0.48
Daviess,2001,0.46
Daviess,2002,0.48
Daviess,2003,0.51
Daviess,2004,0.51
Daviess,2005,0.52
Daviess,2006,0.55
Daviess,2007,0.58
Daviess,2008,0.6
Daviess,2009,0.59
Daviess,2010,0.59
Daviess,2011,0.58
Daviess,2012,0.59
Daviess,2013,0.6
Daviess,2014,0.62
Daviess,2015,0.64
Daviess,2016,0.64
Daviess,2017,0.63
Daviess,2018,0.61
Daviess,2019,0.62
Edmonson,2000,0.56
Edmonson,2001,0.53
Edmonson,2002,0.5
Edmonson,2003,0.51
Edmonson,2004,0.55
Edmonson,2005,0.55
Edmonson,2006,0.56
Edmonson,2007,0.57
Edmonson,2008,0.63
Edmonson,2009,0.63
Edmonson,2010,0.6
Edmonson,2011,0.53
Edmonson,2012,0.53
Edmonson,2013,0.55
Edmonson,2014,0.58
Edmonson,2015,0.59
Edmonson,2016,0.65
Edmonson,2017,0.63
Edmonson,2018,0.64
Edmonson,2019,0.61
Elliott,2000,0.44
Elliott,2001,0.45
Elliott,2002,0.41
Elliott,2003,0.34
Elliott,2004,0.4
Elliott,2005,0.43
Elliott,2006,0.46
Elliott,2007,0.52
Elliott,2008,0.52
Elliott,2009,0.56
Elliott,2010,0.54
Elliott,2011,0.56
Elliott,2012,0.48
Elliott,2013,0.49
Elliott,2014,0.49
Elliott,2015,0.52
Elliott,2016,0.53
Elliott,2017,0.59
Elliott,2018,0.53
Elliott,2019,0.52
Estill,2000,0.49
Estill,2001,0.54
Estill,2002,0.5
Estill,2003,0.5
Estill,2004,0.52
Estill,2005,0.54
Estill,2006,0.55
Estill,2007,0.59
Estill,2008,0.57
Estill,2009,0.55
Estill,2010,0.57
Estill,2011,0.55
Estill,2012,0.55
Estill,2013,0.54
Estill,2014,0.53
Estill,2015,0.53
Estill,2016,0.53
Estill,2017,0.5
Estill,2018,0.53
Estill,2019,0.56
Fayette,2000,0.51
Fayette,2001,0.5
Fayette,2002,0.48
Fayette,2003,0.49
Fayette,2004,0.49
Fayette,2005,0.49
Fayette,2006,0.53
Fayette,2007,0.53
Fayette,2008,0.53
Fayette,2009,0.52
Fayette,2010,0.53
Fayette,2011,0.53
Fayette,2012,0.53
Fayette,2013,0.51
Fayette,2014,0.52
Fayette,2015,0.53
Fayette,2016,0.53
Fayette,2017,0.52
Fayette,2018,0.52
Fayette,2019,0.54
Fleming,2000,0.56
Fleming,2001,0.58
Fleming,2002,0.56
Fleming,2003,0.55
Fleming,2004,0.54
Fleming,2005,0.54
Fleming,2006,0.54
Fleming,2007,0.54
Fleming,2008,0.54
Fleming,2009,0.53
Fleming,2010,0.5
Fleming,2011,0.52
Fleming,2012,0.54
Fleming,2013,0.58
Fleming,2014,0.57
Fleming,2015,0.6
Fleming,2016,0.62
Fleming,2017,0.66
Fleming,2018,0.63
Fleming,2019,0.6
Floyd,2000,0.42
Floyd,2001,0.43
Floyd,2002,0.43
Floyd,2003,0.46
Floyd,2004,0.51
Floyd,2005,0.54
Floyd,2006,0.56
Floyd,2007,0.58
Floyd,2008,0.57
Floyd,2009,0.59
Floyd,2010,0.59
Floyd,2011,0.57
Floyd,2012,0.56
Floyd,2013,0.56
Floyd,2014,0.54
Floyd,2015,0.55
Floyd,2016,0.55
Floyd,2017,0.56
Floyd,2018,0.57
Floyd,2019,0.58
Franklin,2000,0.53
Franklin,2001,0.57
Franklin,2002,0.56
Franklin,2003,0.57
Franklin,2004,0.6
Franklin,2005,0.6
Franklin,2006,0.61
Franklin,2007,0.58
Franklin,2008,0.58
Franklin,2009,0.56
Franklin,2010,0.57
Franklin,2011,0.55
Franklin,2012,0.57
Franklin,2013,0.56
Franklin,2014,0.56
Franklin,2015,0.56
Franklin,2016,0.56
Franklin,2017,0.56
Franklin,2018,0.56
Franklin,2019,0.58
Fulton,2000,0.34
Fulton,2001,0.4
Fulton,2002,0.43
Fulton,2003,0.43
Fulton,2004,0.43
Fulton,2005,0.42
Fulton,2006,0.45
Fulton,2007,0.48
Fulton,2008,0.5
Fulton,2009,0.52
Fulton,2010,0.5
Fulton,2011,0.5
Fulton,2012,0.5
Fulton,2013,0.49
Fulton,2014,0.53
Fulton,2015,0.54
Fulton,2016,0.6
Fulton,2017,0.59
Fulton,2018,0.58
Fulton,2019,0.6
Gallatin,2000,0.63
Gallatin,2001,0.63
Gallatin,2002,0.65
Gallatin,2003,0.61
Gallatin,2004,0.65
Gallatin,2005,0.61
Gallatin,2006,0.6
Gallatin,2007,0.63
Gallatin,2008,0.61
Gallatin,2009,0.57
Gallatin,2010,0.56
Gallatin,2011,0.58
Gallatin,2012,0.56
Gallatin,2013,0.55
Gallatin,2014,0.55
Gallatin,2015,0.58
Gallatin,2016,0.57
Gallatin,2017,0.56
Gallatin,2018,0.57
Gallatin,2019,0.59
Garrard,2000,0.54
Garrard,2001,0.59
Garrard,2002,0.53
Garrard,2003,0.52
Garrard,2004,0.58
Garrard,2005,0.61
Garrard,2006,0.6
Garrard,2007,0.61
Garrard,2008,0.62
Garrard,2009,0.65
Garrard,2010,0.63
Garrard,2011,0.61
Garrard,2012,0.6
Garrard,2013,0.58
Garrard,2014,0.55
Garrard,2015,0.53
Garrard,2016,0.52
Garrard,2017,0.55
Garrard,2018,0.52
Garrard,2019,0.52
Grant,2000,0.64
Grant,2001,0.62
Grant,2002,0.6
Grant,2003,0.63
Grant,2004,0.65
Grant,2005,0.64
Grant,2006,0.66
Grant,2007,0.66
Grant,2008,0.63
Grant,2009,0.62
Grant,2010,0.63
Grant,2011,0.61
Grant,2012,0.61
Grant,2013,0.62
Grant,2014,0.6
Grant,2015,0.62
Grant,2016,0.64
Grant,2017,0.61
Grant,2018,0.61
Grant,2019,0.61
Graves,2000,0.59
Graves,2001,0.58
Graves,2002,0.56
Graves,2003,0.57
Graves,2004,0.56
Graves,2005,0.52
Graves,2006,0.54
Graves,2007,0.54
Graves,2008,0.57
Graves,2009,0.57
Graves,2010,0.58
Graves,2011,0.58
Graves,2012,0.58
Graves,2013,0.57
Graves,2014,0.59
Graves,2015,0.58
Graves,2016,0.56
Graves,2017,0.55
Graves,2018,0.55
Graves,2019,0.55
Grayson,2000,0.61
Grayson,2001,0.58
Grayson,2002,0.55
Grayson,2003,0.58
Grayson,2004,0.59
Grayson,2005,0.6
Grayson,2006,0.61
Grayson,2007,0.63
Grayson,2008,0.62
Grayson,2009,0.63
Grayson,2010,0.63
Grayson,2011,0.63
Grayson,2012,0.66
Grayson,2013,0.68
Grayson,2014,0.68
Grayson,2015,0.7
Grayson,2016,0.7
Grayson,2017,0.66
Grayson,2018,0.61
Grayson,2019,0.6
Green,2000,0.56
Green,2001,0.55
Green,2002,0.54
Green,2003,0.61
Green,2004,0.63
Green,2005,0.65
Green,2006,0.68
Green,2007,0.66
Green,2008,0.69
Green,2009,0.69
Green,2010,0.68
Green,2011,0.66
Green,2012,0.68
Green,2013,0.7
Green,2014,0.72
Green,2015,0.73
Green,2016,0.75
Green,2017,0.72
Green,2018,0.72
Green,2019,0.69
Greenup,2000,0.48
Greenup,2001,0.49
Greenup,2002,0.48
Greenup,2003,0.5
Greenup,2004,0.5
Greenup,2005,0.5
Greenup,2006,0.52
Greenup,2007,0.53
Greenup,2008,0.52
Greenup,2009,0.51
Greenup,2010,0.5
Greenup,2011,0.5
Greenup,2012,0.49
Greenup,2013,0.5
Greenup,2014,0.5
Greenup,2015,0.51
Greenup,2016,0.52
Greenup,2017,0.53
Greenup,2018,0.53
Greenup,2019,0.55
Hancock,2000,0.53
Hancock,2001,0.53
Hancock,2002,0.53
Hancock,2003,0.57
Hancock,2004,0.59
Hancock,2005,0.56
Hancock,2006,0.58
Hancock,2007,0.6
Hancock,2008,0.63
Hancock,2009,0.6
Hancock,2010,0.64
Hancock,2011,0.67
Hancock,2012,0.7
Hancock,2013,0.71
Hancock,2014,0.71
Hancock,2015,0.74
Hancock,2016,0.76
Hancock,2017,0.76
Hancock,2018,0.78
Hancock,2019,0.8
Hardin,2000,0.56
Hardin,2001,0.58
Hardin,2002,0.57
Hardin,2003,0.58
Hardin,2004,0.6
Hardin,2005,0.63
Hardin,2006,0.66
Hardin,2007,0.67
Hardin,2008,0.65
Hardin,2009,0.65
Hardin,2010,0.65
Hardin,2011,0.65
Hardin,2012,0.64
Hardin,2013,0.65
Hardin,2014,0.65
Hardin,2015,0.66
Hardin,2016,0.66
Hardin,2017,0.66
Hardin,2018,0.66
Hardin,2019,0.65
Harlan,2000,0.61
Harlan,2001,0.6
Harlan,2002,0.55
Harlan,2003,0.57
Harlan,2004,0.57
Harlan,2005,0.59
Harlan,2006,0.6
Harlan,2007,0.62
Harlan,2008,0.64
Harlan,2009,0.68
Harlan,2010,0.68
Harlan,2011,0.68
Harlan,2012,0.68
Harlan,2013,0.65
Harlan,2014,0.61
Harlan,2015,0.6
Harlan,2016,0.62
Harlan,2017,0.64
Harlan,2018,0.66
Harlan,2019,0.67
Harrison,2000,0.74
Harrison,2001,0.74
Harrison,2002,0.7
Harrison,2003,0.68
Harrison,2004,0.68
Harrison,2005,0.64
Harrison,2006,0.63
Harrison,2007,0.62
Harrison,2008,0.63
Harrison,2009,0.61
Harrison,2010,0.61
Harrison,2011,0.61
Harrison,2012,0.6
Harrison,2013,0.58
Harrison,2014,0.58
Harrison,2015,0.59
Harrison,2016,0.57
Harrison,2017,0.57
Harrison,2018,0.6
Harrison,2019,0.58
Hart,2000,0.59
Hart,2001,0.58
Hart,2002,0.56
Hart,2003,0.6
Hart,2004,0.62
Hart,2005,0.61
Hart,2006,0.61
Hart,2007,0.6
Hart,2008,0.62
Hart,2009,0.61
Hart,2010,0.61
Hart,2011,0.63
Hart,2012,0.63
Hart,2013,0.63
Hart,2014,0.64
Hart,2015,0.66
Hart,2016,0.66
Hart,2017,0.65
Hart,2018,0.63
Hart,2019,0.63
Henderson,2000,0.59
Henderson,2001,0.61
Henderson,2002,0.59
Henderson,2003,0.61
Henderson,2004,0.61
Henderson,2005,0.6
Henderson,2006,0.62
Henderson,2007,0.62
Henderson,2008,0.62
Henderson,2009,0.61
Henderson,2010,0.59
Henderson,2011,0.59
Henderson,2012,0.62
Henderson,2013,0.6
Henderson,2014,0.61
Henderson,2015,0.63
Henderson,2016,0.61
Henderson,2017,0.6
Henderson,2018,0.58
Henderson,2019,0.59
Henry,2000,0.65
Henry,2001,0.65
Henry,2002,0.6
Henry,2003,0.64
Henry,2004,0.62
Henry,2005,0.61
Henry,2006,0.62
Henry,2007,0.61
Henry,2008,0.62
Henry,2009,0.6
Henry,2010,0.61
Henry,2011,0.62
Henry,2012,0.62
Henry,2013,0.61
Henry,2014,0.61
Henry,2015,0.61
Henry,2016,0.6
Henry,2017,0.59
Henry,2018,0.62
Henry,2019,0.62
Hickman,2000,0.51
Hickman,2001,0.5
Hickman,2002,0.47
Hickman,2003,0.49
Hickman,2004,0.54
Hickman,2005,0.55
Hickman,2006,0.59
Hickman,2007,0.63
Hickman,2008,0.58
Hickman,2009,0.6
Hickman,2010,0.62
Hickman,2011,0.63
Hickman,2012,0.64
Hickman,2013,0.62
Hickman,2014,0.62
Hickman,2015,0.62
Hickman,2016,0.63
Hickman,2017,0.66
Hickman,2018,0.67
Hickman,2019,0.69
Hopkins,2000,0.54
Hopkins,2001,0.55
Hopkins,2002,0.54
Hopkins,2003,0.55
Hopkins,2004,0.53
Hopkins,2005,0.53
Hopkins,2006,0.57
Hopkins,2007,0.6
Hopkins,2008,0.62
Hopkins,2009,0.64
Hopkins,2010,0.66
Hopkins,2011,0.66
Hopkins,2012,0.67
Hopkins,2013,0.65
Hopkins,2014,0.66
Hopkins,2015,0.64
Hopkins,2016,0.64
Hopkins,2017,0.64
Hopkins,2018,0.63
Hopkins,2019,0.65
Jackson,2000,0.42
Jackson,2001,0.46
Jackson,2002,0.46
Jackson,2003,0.46
Jackson,2004,0.44
Jackson,2005,0.44
Jackson,2006,0.42
Jackson,2007,0.42
Jackson,2008,0.45
Jackson,2009,0.44
Jackson,2010,0.43
Jackson,2011,0.41
Jackson,2012,0.4
Jackson,2013,0.42
Jackson,2014,0.44
Jackson,2015,0.47
Jackson,2016,0.47
Jackson,2017,0.47
Jackson,2018,0.46
Jackson,2019,0.46
Jefferson,2000,0.47
Jefferson,2001,0.46
Jefferson,2002,0.42
Jefferson,2003,0.43
Jefferson,2004,0.45
Jefferson,2005,0.45
Jefferson,2006,0.48
Jefferson,2007,0.47
Jefferson,2008,0.48
Jefferson,2009,0.49
Jefferson,2010,0.49
Jefferson,2011,0.51
Jefferson,2012,0.52
Jefferson,2013,0.51
Jefferson,2014,0.51
Jefferson,2015,0.52
Jefferson,2016,0.51
Jefferson,2017,0.51
Jefferson,2018,0.51
Jefferson,2019,0.51
Jessamine,2000,0.55
Jessamine,2001,0.54
Jessamine,2002,0.48
Jessamine,2003,0.5
Jessamine,2004,0.53
Jessamine,2005,0.53
Jessamine,2006,0.54
Jessamine,2007,0.54
Jessamine,2008,0.55
Jessamine,2009,0.54
Jessamine,2010,0.53
Jessamine,2011,0.54
Jessamine,2012,0.53
Jessamine,2013,0.51
Jessamine,2014,0.52
Jessamine,2015,0.55
Jessamine,2016,0.54
Jessamine,2017,0.57
Jessamine,2018,0.57
Jessamine,2019,0.58
Johnson,2000,0.44
Johnson,2001,0.49
Johnson,2002,0.5
Johnson,2003,0.51
Johnson,2004,0.47
Johnson,2005,0.54
Johnson,2006,0.57
Johnson,2007,0.57
Johnson,2008,0.55
Johnson,2009,0.53
Johnson,2010,0.52
Johnson,2011,0.53
Johnson,2012,0.57
Johnson,2013,0.58
Johnson,2014,0.57
Johnson,2015,0.57
Johnson,2016,0.59
Johnson,2017,0.62
Johnson,2018,0.63
Johnson,2019,0.64
Kenton,2000,0.58
Kenton,2001,0.58
Kenton,2002,0.59
Kenton,2003,0.6
Kenton,2004,0.63
Kenton,2005,0.63
Kenton,2006,0.62
Kenton,2007,0.62
Kenton,2008,0.6
Kenton,2009,0.6
Kenton,2010,0.58
Kenton,2011,0.57
Kenton,2012,0.57
Kenton,2013,0.56
Kenton,2014,0.56
Kenton,2015,0.57
Kenton,2016,0.57
Kenton,2017,0.57
Kenton,2018,0.57
Kenton,2019,0.58
Knott,2000,0.43
Knott,2001,0.49
Knott,2002,0.49
Knott,2003,0.49
Knott,2004,0.51
Knott,2005,0.55
Knott,2006,0.58
Knott,2007,0.58
Knott,2008,0.56
Knott,2009,0.54
Knott,2010,0.52
Knott,2011,0.51
Knott,2012,0.47
Knott,2013,0.44
Knott,2014,0.41
Knott,2015,0.41
Knott,2016,0.42
Knott,2017,0.42
Knott,2018,0.44
Knott,2019,0.48
Knox,2000,0.4
Knox,2001,0.46
Knox,2002,0.47
Knox,2003,0.45
Knox,2004,0.47
Knox,2005,0.48
Knox,2006,0.5
Knox,2007,0.49
Knox,2008,0.47
Knox,2009,0.47
Knox,2010,0.5
Knox,2011,0.51
Knox,2012,0.51
Knox,2013,0.5
Knox,2014,0.5
Knox,2015,0.49
Knox,2016,0.5
Knox,2017,0.48
Knox,2018,0.48
Knox,2019,0.49
Larue,2000,0.68
Larue,2001,0.7
Larue,2002,0.69
Larue,2003,0.68
Larue,2004,0.68
Larue,2005,0.73
Larue,2006,0.74
Larue,2007,0.73
Larue,2008,0.71
Larue,2009,0.69
Larue,2010,0.69
Larue,2011,0.68
Larue,2012,0.73
Larue,2013,0.74
Larue,2014,0.76
Larue,2015,0.77
Larue,2016,0.78
Larue,2017,0.72
Larue,2018,0.68
Larue,2019,0.65
Laurel,2000,0.39
Laurel,2001,0.43
Laurel,2002,0.45
Laurel,2003,0.45
Laurel,2004,0.46
Laurel,2005,0.48
Laurel,2006,0.51
Laurel,2007,0.52
Laurel,2008,0.54
Laurel,2009,0.52
Laurel,2010,0.51
Laurel,2011,0.48
Laurel,2012,0.49
Laurel,2013,0.49
Laurel,2014,0.51
Laurel,2015,0.54
Laurel,2016,0.54
Laurel,2017,0.53
Laurel,2018,0.52
Laurel,2019,0.51
Lawrence,2000,0.39
Lawrence,2001,0.42
Lawrence,2002,0.47
Lawrence,2003,0.52
Lawrence,2004,0.52
Lawrence,2005,0.53
Lawrence,2006,0.57
Lawrence,2007,0.55
Lawrence,2008,0.53
Lawrence,2009,0.52
Lawrence,2010,0.53
Lawrence,2011,0.52
Lawrence,2012,0.5
Lawrence,2013,0.54
Lawrence,2014,0.55
Lawrence,2015,0.57
Lawrence,2016,0.56
Lawrence,2017,0.55
Lawrence,2018,0.58
Lawrence,2019,0.57
Lee,2000,0.47
Lee,2001,0.44
Lee,2002,0.41
Lee,2003,0.43
Lee,2004,0.48
Lee,2005,0.48
Lee,2006,0.44
Lee,2007,0.44
Lee,2008,0.41
Lee,2009,0.38
Lee,2010,0.35
Lee,2011,0.31
Lee,2012,0.27
Lee,2013,0.29
Lee,2014,0.3
Lee,2015,0.27
Lee,2016,0.3
Lee,2017,0.32
Lee,2018,0.35
Lee,2019,0.34
Leslie,2000,0.37
Leslie,2001,0.41
Leslie,2002,0.43
Leslie,2003,0.45
Leslie,2004,0.53
Leslie,2005,0.55
Leslie,2006,0.59
Leslie,2007,0.6
Leslie,2008,0.59
Leslie,2009,0.6
Leslie,2010,0.61
Leslie,2011,0.61
Leslie,2012,0.59
Leslie,2013,0.58
Leslie,2014,0.56
Leslie,2015,0.59
Leslie,2016,0.6
Leslie,2017,0.59
Leslie,2018,0.61
Leslie,2019,0.6
Letcher,2000,0.47
Letcher,2001,0.47
Letcher,2002,0.47
Letcher,2003,0.46
Letcher,2004,0.48
Letcher,2005,0.49
Letcher,2006,0.52
Letcher,2007,0.58
Letcher,2008,0.56
Letcher,2009,0.57
Letcher,2010,0.55
Letcher,2011,0.54
Letcher,2012,0.53
Letcher,2013,0.51
Letcher,2014,0.48
Letcher,2015,0.46
Letcher,2016,0.46
Letcher,2017,0.44
Letcher,2018,0.46
Letcher,2019,0.48
Lewis,2000,0.49
Lewis,2001,0.51
Lewis,2002,0.49
Lewis,2003,0.49
Lewis,2004,0.47
Lewis,2005,0.48
Lewis,2006,0.46
Lewis,2007,0.47
Lewis,2008,0.44
Lewis,2009,0.41
Lewis,2010,0.43
Lewis,2011,0.42
Lewis,2012,0.43
Lewis,2013,0.47
Lewis,2014,0.5
Lewis,2015,0.56
Lewis,2016,0.55
Lewis,2017,0.56
Lewis,2018,0.54
Lewis,2019,0.52
Lincoln,2000,0.61
Lincoln,2001,0.6
Lincoln,2002,0.55
Lincoln,2003,0.55
Lincoln,2004,0.54
Lincoln,2005,0.56
Lincoln,2006,0.56
Lincoln,2007,0.57
Lincoln,2008,0.58
Lincoln,2009,0.58
Lincoln,2010,0.59
Lincoln,2011,0.56
Lincoln,2012,0.55
Lincoln,2013,0.51
Lincoln,2014,0.52
Lincoln,2015,0.52
Lincoln,2016,0.5
Lincoln,2017,0.49
Lincoln,2018,0.48
Lincoln,2019,0.5
Livingston,2000,0.67
Livingston,2001,0.67
Livingston,2002,0.65
Livingston,2003,0.69
Livingston,2004,0.63
Livingston,2005,0.64
Livingston,2006,0.68
Livingston,2007,0.73
Livingston,2008,0.75
Livingston,2009,0.72
Livingston,2010,0.71
Livingston,2011,0.66
Livingston,2012,0.65
Livingston,2013,0.71
Livingston,2014,0.69
Livingston,2015,0.67
Livingston,2016,0.68
Livingston,2017,0.71
Livingston,2018,0.7
Livingston,2019,0.66
Logan,2000,0.61
Logan,2001,0.61
Logan,2002,0.56
Logan,2003,0.59
Logan,2004,0.58
Logan,2005,0.58
Logan,2006,0.61
Logan,2007,0.63
Logan,2008,0.63
Logan,2009,0.61
Logan,2010,0.62
Logan,2011,0.62
Logan,2012,0.6
Logan,2013,0.61
Logan,2014,0.62
Logan,2015,0.62
Logan,2016,0.62
Logan,2017,0.63
Logan,2018,0.61
Logan,2019,0.62
Lyon,2000,0.6
Lyon,2001,0.61
Lyon,2002,0.61
Lyon,2003,0.64
Lyon,2004,0.61
Lyon,2005,0.52
Lyon,2006,0.52
Lyon,2007,0.59
Lyon,2008,0.54
Lyon,2009,0.65
Lyon,2010,0.72
Lyon,2011,0.71
Lyon,2012,0.69
Lyon,2013,0.68
Lyon,2014,0.7
Lyon,2015,0.67
Lyon,2016,0.61
Lyon,2017,0.65
Lyon,2018,0.62
Lyon,2019,0.66
McCracken,2000,0.4
McCracken,2001,0.43
McCracken,2002,0.43
McCracken,2003,0.46
McCracken,2004,0.48
McCracken,2005,0.48
McCracken,2006,0.52
McCracken,2007,0.53
McCracken,2008,0.54
McCracken,2009,0.55
McCracken,2010,0.56
McCracken,2011,0.58
McCracken,2012,0.59
McCracken,2013,0.61
McCracken,2014,0.62
McCracken,2015,0.63
McCracken,2016,0.62
McCracken,2017,0.6
McCracken,2018,0.59
McCracken,2019,0.59
McCreary,2000,0.42
McCreary,2001,0.42
McCreary,2002,0.41
McCreary,2003,0.43
McCreary,2004,0.43
McCreary,2005,0.42
McCreary,2006,0.42
McCreary,2007,0.43
McCreary,2008,0.42
McCreary,2009,0.42
McCreary,2010,0.45
McCreary,2011,0.46
McCreary,2012,0.46
McCreary,2013,0.48
McCreary,2014,0.47
McCreary,2015,0.5
McCreary,2016,0.51
McCreary,2017,0.51
McCreary,2018,0.49
McCreary,2019,0.48
McLean,2000,0.69
McLean,2001,0.67
McLean,2002,0.64
McLean,2003,0.64
McLean,2004,0.63
McLean,2005,0.62
McLean,2006,0.67
McLean,2007,0.68
McLean,2008,0.71
McLean,2009,0.7
McLean,2010,0.72
McLean,2011,0.72
McLean,2012,0.71
McLean,2013,0.72
McLean,2014,0.72
McLean,2015,0.74
McLean,2016,0.73
McLean,2017,0.71
McLean,2018,0.65
McLean,2019,0.69
Madison,2000,0.5
Madison,2001,0.51
Madison,2002,0.49
Madison,2003,0.51
Madison,2004,0.51
Madison,2005,0.53
Madison,2006,0.55
Madison,2007,0.55
Madison,2008,0.58
Madison,2009,0.58
Madison,2010,0.58
Madison,2011,0.57
Madison,2012,0.54
Madison,2013,0.53
Madison,2014,0.53
Madison,2015,0.55
Madison,2016,0.58
Madison,2017,0.6
Madison,2018,0.6
Madison,2019,0.6
Magoffin,2000,0.27
Magoffin,2001,0.35
Magoffin,2002,0.36
Magoffin,2003,0.38
Magoffin,2004,0.46
Magoffin,2005,0.5
Magoffin,2006,0.54
Magoffin,2007,0.5
Magoffin,2008,0.49
Magoffin,2009,0.49
Magoffin,2010,0.45
Magoffin,2011,0.45
Magoffin,2012,0.46
Magoffin,2013,0.47
Magoffin,2014,0.46
Magoffin,2015,0.47
Magoffin,2016,0.52
Magoffin,2017,0.56
Magoffin,2018,0.55
Magoffin,2019,0.57
Marion,2000,0.56
Marion,2001,0.59
Marion,2002,0.56
Marion,2003,0.53
Marion,2004,0.55
Marion,2005,0.52
Marion,2006,0.54
Marion,2007,0.52
Marion,2008,0.55
Marion,2009,0.51
Marion,2010,0.55
Marion,2011,0.57
Marion,2012,0.58
Marion,2013,0.61
Marion,2014,0.61
Marion,2015,0.62
Marion,2016,0.62
Marion,2017,0.56
Marion,2018,0.58
Marion,2019,0.58
Marshall,2000,0.51
Marshall,2001,0.61
Marshall,2002,0.57
Marshall,2003,0.53
Marshall,2004,0.54
Marshall,2005,0.53
Marshall,2006,0.54
Marshall,2007,0.57
Marshall,2008,0.6
Marshall,2009,0.58
Marshall,2010,0.57
Marshall,2011,0.57
Marshall,2012,0.56
Marshall,2013,0.55
Marshall,2014,0.55
Marshall,2015,0.56
Marshall,2016,0.57
Marshall,2017,0.58
Marshall,2018,0.57
Marshall,2019,0.57
Martin,2000,0.41
Martin,2001,0.44
Martin,2002,0.41
Martin,2003,0.43
Martin,2004,0.47
Martin,2005,0.48
Martin,2006,0.55
Martin,2007,0.54
Martin,2008,0.53
Martin,2009,0.54
Martin,2010,0.56
Martin,2011,0.56
Martin,2012,0.55
Martin,2013,0.58
Martin,2014,0.59
Martin,2015,0.62
Martin,2016,0.62
Martin,2017,0.63
Martin,2018,0.63
Martin,2019,0.64
Mason,2000,0.54
Mason,2001,0.55
Mason,2002,0.55
Mason,2003,0.54
Mason,2004,0.55
Mason,2005,0.56
Mason,2006,0.57
Mason,2007,0.56
Mason,2008,0.56
Mason,2009,0.56
Mason,2010,0.59
Mason,2011,0.59
Mason,2012,0.6
Mason,2013,0.62
Mason,2014,0.63
Mason,2015,0.63
Mason,2016,0.64
Mason,2017,0.64
Mason,2018,0.63
Mason,2019,0.64
Meade,2000,0.58
Meade,2001,0.56
Meade,2002,0.53
Meade,2003,0.55
Meade,2004,0.57
Meade,2005,0.61
Meade,2006,0.63
Meade,2007,0.65
Meade,2008,0.64
Meade,2009,0.65
Meade,2010,0.68
Meade,2011,0.68
Meade,2012,0.67
Meade,2013,0.65
Meade,2014,0.66
Meade,2015,0.67
Meade,2016,0.69
Meade,2017,0.65
Meade,2018,0.64
Meade,2019,0.64
Menifee,2000,0.53
Menifee,2001,0.56
Menifee,2002,0.59
Menifee,2003,0.56
Menifee,2004,0.57
Menifee,2005,0.58
Menifee,2006,0.6
Menifee,2007,0.57
Menifee,2008,0.57
Menifee,2009,0.58
Menifee,2010,0.53
Menifee,2011,0.55
Menifee,2012,0.54
Menifee,2013,0.55
Menifee,2014,0.59
Menifee,2015,0.59
Menifee,2016,0.62
Menifee,2017,0.61
Menifee,2018,0.6
Menifee,2019,0.62
Mercer,2000,0.56
Mercer,2001,0.57
Mercer,2002,0.53
Mercer,2003,0.57
Mercer,2004,0.57
Mercer,2005,0.54
Mercer,2006,0.58
Mercer,2007,0.57
Mercer,2008,0.58
Mercer,2009,0.55
Mercer,2010,0.54
Mercer,2011,0.54
Mercer,2012,0.55
Mercer,2013,0.54
Mercer,2014,0.55
Mercer,2015,0.56
Mercer,2016,0.56
Mercer,2017,0.55
Mercer,2018,0.56
Mercer,2019,0.57
Metcalfe,2000,0.45
Metcalfe,2001,0.51
Metcalfe,2002,0.53
Metcalfe,2003,0.54
Metcalfe,2004,0.49
Metcalfe,2005,0.45
Metcalfe,2006,0.52
Metcalfe,2007,0.59
Metcalfe,2008,0.63
Metcalfe,2009,0.61
Metcalfe,2010,0.63
Metcalfe,2011,0.62
Metcalfe,2012,0.59
Metcalfe,2013,0.58
Metcalfe,2014,0.59
Metcalfe,2015,0.61
Metcalfe,2016,0.62
Metcalfe,2017,0.63
Metcalfe,2018,0.61
Metcalfe,2019,0.62
Monroe,2000,0.44
Monroe,2001,0.45
Monroe,2002,0.43
Monroe,2003,0.43
Monroe,2004,0.52
Monroe,2005,0.53
Monroe,2006,0.54
Monroe,2007,0.55
Monroe,2008,0.57
Monroe,2009,0.56
Monroe,2010,0.55
Monroe,2011,0.58
Monroe,2012,0.58
Monroe,2013,0.55
Monroe,2014,0.56
Monroe,2015,0.6
Monroe,2016,0.6
Monroe,2017,0.63
Monroe,2018,0.62
Monroe,2019,0.56
Montgomery,2000,0.63
Montgomery,2001,0.61
Montgomery,2002,0.55
Montgomery,2003,0.56
Montgomery,2004,0.55
Montgomery,2005,0.54
Montgomery,2006,0.55
Montgomery,2007,0.54
Montgomery,2008,0.53
Montgomery,2009,0.53
Montgomery,2010,0.56
Montgomery,2011,0.53
Montgomery,2012,0.53
Montgomery,2013,0.53
Montgomery,2014,0.55
Montgomery,2015,0.57
Montgomery,2016,0.56
Montgomery,2017,0.58
Montgomery,2018,0.59
Montgomery,2019,0.59
Morgan,2000,0.56
Morgan,2001,0.59
Morgan,2002,0.54
Morgan,2003,0.57
Morgan,2004,0.59
Morgan,2005,0.58
Morgan,2006,0.6
Morgan,2007,0.65
Morgan,2008,0.69
Morgan,2009,0.73
Morgan,2010,0.74
Morgan,2011,0.72
Morgan,2012,0.72
Morgan,2013,0.73
Morgan,2014,0.72
Morgan,2015,0.75
Morgan,2016,0.78
Morgan,2017,0.77
Morgan,2018,0.74
Morgan,2019,0.69
Muhlenberg,2000,0.45
Muhlenberg,2001,0.48
Muhlenberg,2002,0.46
Muhlenberg,2003,0.49
Muhlenberg,2004,0.48
Muhlenberg,2005,0.48
Muhlenberg,2006,0.51
Muhlenberg,2007,0.52
Muhlenberg,2008,0.55
Muhlenberg,2009,0.57
Muhlenberg,2010,0.55
Muhlenberg,2011,0.58
Muhlenberg,2012,0.58
Muhlenberg,2013,0.57
Muhlenberg,2014,0.57
Muhlenberg,2015,0.56
Muhlenberg,2016,0.54
Muhlenberg,2017,0.55
Muhlenberg,2018,0.58
Muhlenberg,2019,0.58
Nelson,2000,0.62
Nelson,2001,0.64
Nelson,2002,0.63
Nelson,2003,0.64
Nelson,2004,0.61
Nelson,2005,0.61
Nelson,2006,0.62
Nelson,2007,0.62
Nelson,2008,0.6
Nelson,2009,0.59
Nelson,2010,0.59
Nelson,2011,0.6
Nelson,2012,0.61
Nelson,2013,0.6
Nelson,2014,0.6
Nelson,2015,0.61
Nelson,2016,0.63
Nelson,2017,0.62
Nelson,2018,0.61
Nelson,2019,0.62
Nicholas,2000,0.68
Nicholas,2001,0.64
Nicholas,2002,0.59
Nicholas,2003,0.64
Nicholas,2004,0.64
Nicholas,2005,0.6
Nicholas,2006,0.64
Nicholas,2007,0.62
Nicholas,2008,0.58
Nicholas,2009,0.57
Nicholas,2010,0.57
Nicholas,2011,0.56
Nicholas,2012,0.55
Nicholas,2013,0.58
Nicholas,2014,0.61
Nicholas,2015,0.63
Nicholas,2016,0.64
Nicholas,2017,0.63
Nicholas,2018,0.63
Nicholas,2019,0.66
Ohio,2000,0.57
Ohio,2001,0.6
Ohio,2002,0.56
Ohio,2003,0.56
Ohio,2004,0.51
Ohio,2005,0.5
Ohio,2006,0.54
Ohio,2007,0.6
Ohio,2008,0.59
Ohio,2009,0.63
Ohio,2010,0.64
Ohio,2011,0.63
Ohio,2012,0.62
Ohio,2013,0.64
Ohio,2014,0.66
Ohio,2015,0.64
Ohio,2016,0.64
Ohio,2017,0.63
Ohio,2018,0.62
Ohio,2019,0.63
Oldham,2000,0.65
Oldham,2001,0.67
Oldham,2002,0.67
Oldham,2003,0.71
Oldham,2004,0.73
Oldham,2005,0.69
Oldham,2006,0.71
Oldham,2007,0.7
Oldham,2008,0.7
Oldham,2009,0.67
Oldham,2010,0.66
Oldham,2011,0.68
Oldham,2012,0.69
Oldham,2013,0.7
Oldham,2014,0.69
Oldham,2015,0.72
Oldham,2016,0.74
Oldham,2017,0.73
Oldham,2018,0.72
Oldham,2019,0.7
Owen,2000,0.62
Owen,2001,0.62
Owen,2002,0.61
Owen,2003,0.67
Owen,2004,0.69
Owen,2005,0.66
Owen,2006,0.68
Owen,2007,0.64
Owen,2008,0.63
Owen,2009,0.64
Owen,2010,0.64
Owen,2011,0.59
Owen,2012,0.58
Owen,2013,0.58
Owen,2014,0.6
Owen,2015,0.61
Owen,2016,0.6
Owen,2017,0.61
Owen,2018,0.6
Owen,2019,0.6
Owsley,2000,0.21
Owsley,2001,0.23
Owsley,2002,0.29
Owsley,2003,0.31
Owsley,2004,0.32
Owsley,2005,0.3
Owsley,2006,0.3
Owsley,2007,0.35
Owsley,2008,0.36
Owsley,2009,0.33
Owsley,2010,0.32
Owsley,2011,0.39
Owsley,2012,0.39
Owsley,2013,0.37
Owsley,2014,0.33
Owsley,2015,0.36
Owsley,2016,0.34
Owsley,2017,0.33
Owsley,2018,0.39
Owsley,2019,0.42
Pendleton,2000,0.62
Pendleton,2001,0.63
Pendleton,2002,0.63
Pendleton,2003,0.66
Pendleton,2004,0.67
Pendleton,2005,0.66
Pendleton,2006,0.67
Pendleton,2007,0.68
Pendleton,2008,0.68
Pendleton,2009,0.67
Pendleton,2010,0.66
Pendleton,2011,0.66
Pendleton,2012,0.64
Pendleton,2013,0.62
Pendleton,2014,0.63
Pendleton,2015,0.6
Pendleton,2016,0.6
Pendleton,2017,0.61
Pendleton,2018,0.6
Pendleton,2019,0.59
Perry,2000,0.37
Perry,2001,0.43
Perry,2002,0.37
Perry,2003,0.52
Perry,2004,0.55
Perry,2005,0.56
Perry,2006,0.58
Perry,2007,0.59
Perry,2008,0.57
Perry,2009,0.56
Perry,2010,0.59
Perry,2011,0.59
Perry,2012,0.57
Perry,2013,0.54
Perry,2014,0.51
Perry,2015,0.51
Perry,2016,0.49
Perry,2017,0.48
Perry,2018,0.48
Perry,2019,0.49
Pike,2000,0.44
Pike,2001,0.48
Pike,2002,0.49
Pike,2003,0.5
Pike,2004,0.49
Pike,2005,0.48
Pike,2006,0.49
Pike,2007,0.52
Pike,2008,0.52
Pike,2009,0.53
Pike,2010,0.52
Pike,2011,0.52
Pike,2012,0.5
Pike,2013,0.49
Pike,2014,0.47
Pike,2015,0.47
Pike,2016,0.47
Pike,2017,0.48
Pike,2018,0.5
Pike,2019,0.51
Powell,2000,0.61
Powell,2001,0.6
Powell,2002,0.57
Powell,2003,0.55
Powell,2004,0.55
Powell,2005,0.59
Powell,2006,0.58
Powell,2007,0.57
Powell,2008,0.57
Powell,2009,0.56
Powell,2010,0.53
Powell,2011,0.51
Powell,2012,0.48
Powell,2013,0.49
Powell,2014,0.51
Powell,2015,0.53
Powell,2016,0.52
Powell,2017,0.51
Powell,2018,0.52
Powell,2019,0.54
Pulaski,2000,0.6
Pulaski,2001,0.58
Pulaski,2002,0.58
Pulaski,2003,0.57
Pulaski,2004,0.56
Pulaski,2005,0.56
Pulaski,2006,0.58
Pulaski,2007,0.6
Pulaski,2008,0.59
Pulaski,2009,0.59
Pulaski,2010,0.58
Pulaski,2011,0.54
Pulaski,2012,0.52
Pulaski,2013,0.54
Pulaski,2014,0.56
Pulaski,2015,0.57
Pulaski,2016,0.58
Pulaski,2017,0.59
Pulaski,2018,0.6
Pulaski,2019,0.59
Robertson,2000,0.62
Robertson,2001,0.5
Robertson,2002,0.49
Robertson,2003,0.53
Robertson,2004,0.52
Robertson,2005,0.53
Robertson,2006,0.61
Robertson,2007,0.57
Robertson,2008,0.64
Robertson,2009,0.66
Robertson,2010,0.65
Robertson,2011,0.54
Robertson,2012,0.64
Robertson,2013,0.68
Robertson,2014,0.66
Robertson,2015,0.67
Robertson,2016,0.66
Robertson,2017,0.66
Robertson,2018,0.69
Robertson,2019,0.64
Rockcastle,2000,0.53
Rockcastle,2001,0.5
Rockcastle,2002,0.48
Rockcastle,2003,0.5
Rockcastle,2004,0.5
Rockcastle,2005,0.53
Rockcastle,2006,0.57
Rockcastle,2007,0.54
Rockcastle,2008,0.54
Rockcastle,2009,0.54
Rockcastle,2010,0.55
Rockcastle,2011,0.53
Rockcastle,2012,0.51
Rockcastle,2013,0.51
Rockcastle,2014,0.53
Rockcastle,2015,0.52
Rockcastle,2016,0.52
Rockcastle,2017,0.52
Rockcastle,2018,0.54
Rockcastle,2019,0.57
Rowan,2000,0.5
Rowan,2001,0.51
Rowan,2002,0.54
Rowan,2003,0.6
Rowan,2004,0.63
Rowan,2005,0.62
Rowan,2006,0.64
Rowan,2007,0.62
Rowan,2008,0.58
Rowan,2009,0.61
Rowan,2010,0.59
Rowan,2011,0.59
Rowan,2012,0.6
Rowan,2013,0.61
Rowan,2014,0.6
Rowan,2015,0.61
Rowan,2016,0.57
Rowan,2017,0.58
Rowan,2018,0.59
Rowan,2019,0.57
Russell,2000,0.55
Russell,2001,0.56
Russell,2002,0.54
Russell,2003,0.57
Russell,2004,0.57
Russell,2005,0.58
Russell,2006,0.57
Russell,2007,0.55
Russell,2008,0.56
Russell,2009,0.56
Russell,2010,0.57
Russell,2011,0.56
Russell,2012,0.57
Russell,2013,0.58
Russell,2014,0.6
Russell,2015,0.62
Russell,2016,0.64
Russell,2017,0.65
Russell,2018,0.63
Russell,2019,0.62
Scott,2000,0.57
Scott,2001,0.56
Scott,2002,0.53
Scott,2003,0.52
Scott,2004,0.54
Scott,2005,0.56
Scott,2006,0.6
Scott,2007,0.58
Scott,2008,0.59
Scott,2009,0.58
Scott,2010,0.57
Scott,2011,0.57
Scott,2012,0.57
Scott,2013,0.58
Scott,2014,0.58
Scott,2015,0.59
Scott,2016,0.6
Scott,2017,0.6
Scott,2018,0.61
Scott,2019,0.6
Shelby,2000,0.57
Shelby,2001,0.57
Shelby,2002,0.55
Shelby,2003,0.58
Shelby,2004,0.61
Shelby,2005,0.6
Shelby,2006,0.6
Shelby,2007,0.61
Shelby,2008,0.6
Shelby,2009,0.59
Shelby,2010,0.61
Shelby,2011,0.59
Shelby,2012,0.6
Shelby,2013,0.62
Shelby,2014,0.64
Shelby,2015,0.66
Shelby,2016,0.66
Shelby,2017,0.65
Shelby,2018,0.63
Shelby,2019,0.64
Simpson,2000,0.57
Simpson,2001,0.57
Simpson,2002,0.57
Simpson,2003,0.57
Simpson,2004,0.56
Simpson,2005,0.57
Simpson,2006,0.59
Simpson,2007,0.59
Simpson,2008,0.59
Simpson,2009,0.59
Simpson,2010,0.6
Simpson,2011,0.64
Simpson,2012,0.65
Simpson,2013,0.65
Simpson,2014,0.63
Simpson,2015,0.66
Simpson,2016,0.65
Simpson,2017,0.66
Simpson,2018,0.62
Simpson,2019,0.62
Spencer,2000,0.49
Spencer,2001,0.56
Spencer,2002,0.51
Spencer,2003,0.55
Spencer,2004,0.56
Spencer,2005,0.57
Spencer,2006,0.57
Spencer,2007,0.59
Spencer,2008,0.62
Spencer,2009,0.59
Spencer,2010,0.62
Spencer,2011,0.65
Spencer,2012,0.62
Spencer,2013,0.66
Spencer,2014,0.64
Spencer,2015,0.61
Spencer,2016,0.61
Spencer,2017,0.61
Spencer,2018,0.61
Spencer,2019,0.63
Taylor,2000,0.51
Taylor,2001,0.51
Taylor,2002,0.53
Taylor,2003,0.56
Taylor,2004,0.58
Taylor,2005,0.57
Taylor,2006,0.61
Taylor,2007,0.61
Taylor,2008,0.6
Taylor,2009,0.58
Taylor,2010,0.6
Taylor,2011,0.65
Taylor,2012,0.65
Taylor,2013,0.63
Taylor,2014,0.63
Taylor,2015,0.62
Taylor,2016,0.62
Taylor,2017,0.61
Taylor,2018,0.61
Taylor,2019,0.6
Todd,2000,0.49
Todd,2001,0.54
Todd,2002,0.56
Todd,2003,0.56
Todd,2004,0.58
Todd,2005,0.58
Todd,2006,0.56
Todd,2007,0.56
Todd,2008,0.54
Todd,2009,0.51
Todd,2010,0.5
Todd,2011,0.52
Todd,2012,0.54
Todd,2013,0.54
Todd,2014,0.56
Todd,2015,0.57
Todd,2016,0.57
Todd,2017,0.58
Todd,2018,0.6
Todd,2019,0.6
Trigg,2000,0.63
Trigg,2001,0.63
Trigg,2002,0.58
Trigg,2003,0.64
Trigg,2004,0.63
Trigg,2005,0.61
Trigg,2006,0.63
Trigg,2007,0.64
Trigg,2008,0.66
Trigg,2009,0.66
Trigg,2010,0.65
Trigg,2011,0.66
Trigg,2012,0.67
Trigg,2013,0.66
Trigg,2014,0.66
Trigg,2015,0.68
Trigg,2016,0.68
Trigg,2017,0.64
Trigg,2018,0.63
Trigg,2019,0.64
Trimble,2000,0.58
Trimble,2001,0.58
Trimble,2002,0.57
Trimble,2003,0.59
Trimble,2004,0.61
Trimble,2005,0.63
Trimble,2006,0.64
Trimble,2007,0.61
Trimble,2008,0.58
Trimble,2009,0.62
Trimble,2010,0.62
Trimble,2011,0.59
Trimble,2012,0.62
Trimble,2013,0.65
Trimble,2014,0.69
Trimble,2015,0.71
Trimble,2016,0.69
Trimble,2017,0.66
Trimble,2018,0.65
Trimble,2019,0.67
Union,2000,0.59
Union,2001,0.64
Union,2002,0.6
Union,2003,0.63
Union,2004,0.64
Union,2005,0.64
Union,2006,0.63
Union,2007,0.65
Union,2008,0.65
Union,2009,0.63
Union,2010,0.64
Union,2011,0.66
Union,2012,0.65
Union,2013,0.65
Union,2014,0.68
Union,2015,0.69
Union,2016,0.68
Union,2017,0.65
Union,2018,0.66
Union,2019,0.66
Warren,2000,0.45
Warren,2001,0.48
Warren,2002,0.47
Warren,2003,0.5
Warren,2004,0.51
Warren,2005,0.51
Warren,2006,0.55
Warren,2007,0.6
Warren,2008,0.62
Warren,2009,0.63
Warren,2010,0.66
Warren,2011,0.66
Warren,2012,0.68
Warren,2013,0.67
Warren,2014,0.69
Warren,2015,0.7
Warren,2016,0.71
Warren,2017,0.7
Warren,2018,0.68
Warren,2019,0.67
Washington,2000,0.64
Washington,2001,0.62
Washington,2002,0.6
Washington,2003,0.68
Washington,2004,0.67
Washington,2005,0.67
Washington,2006,0.69
Washington,2007,0.66
Washington,2008,0.66
Washington,2009,0.65
Washington,2010,0.65
Washington,2011,0.63
Washington,2012,0.61
Washington,2013,0.63
Washington,2014,0.62
Washington,2015,0.62
Washington,2016,0.63
Washington,2017,0.61
Washington,2018,0.6
Washington,2019,0.55
Wayne,2000,0.51
Wayne,2001,0.54
Wayne,2002,0.5
Wayne,2003,0.5
Wayne,2004,0.51
Wayne,2005,0.57
Wayne,2006,0.61
Wayne,2007,0.59
Wayne,2008,0.6
Wayne,2009,0.55
Wayne,2010,0.54
Wayne,2011,0.54
Wayne,2012,0.53
Wayne,2013,0.52
Wayne,2014,0.52
Wayne,2015,0.52
Wayne,2016,0.53
Wayne,2017,0.53
Wayne,2018,0.53
Wayne,2019,0.54
Webster,2000,0.59
Webster,2001,0.57
Webster,2002,0.53
Webster,2003,0.54
Webster,2004,0.53
Webster,2005,0.58
Webster,2006,0.63
Webster,2007,0.63
Webster,2008,0.64
Webster,2009,0.64
Webster,2010,0.65
Webster,2011,0.64
Webster,2012,0.67
Webster,2013,0.67
Webster,2014,0.66
Webster,2015,0.69
Webster,2016,0.66
Webster,2017,0.65
Webster,2018,0.65
Webster,2019,0.67
Whitley,2000,0.39
Whitley,2001,0.4
Whitley,2002,0.39
Whitley,2003,0.41
Whitley,2004,0.41
Whitley,2005,0.41
Whitley,2006,0.44
Whitley,2007,0.45
Whitley,2008,0.44
Whitley,2009,0.43
Whitley,2010,0.44
Whitley,2011,0.44
Whitley,2012,0.44
Whitley,2013,0.45
Whitley,2014,0.44
Whitley,2015,0.47
Whitley,2016,0.48
Whitley,2017,0.47
Whitley,2018,0.47
Whitley,2019,0.48
Wolfe,2000,0.58
Wolfe,2001,0.6
Wolfe,2002,0.57
Wolfe,2003,0.58
Wolfe,2004,0.58
Wolfe,2005,0.55
Wolfe,2006,0.54
Wolfe,2007,0.56
Wolfe,2008,0.58
Wolfe,2009,0.57
Wolfe,2010,0.55
Wolfe,2011,0.57
Wolfe,2012,0.54
Wolfe,2013,0.53
Wolfe,2014,0.51
Wolfe,2015,0.53
Wolfe,2016,0.55
Wolfe,2017,0.55
Wolfe,2018,0.54
Wolfe,2019,0.54
Woodford,2000,0.61
Woodford,2001,0.66
Woodford,2002,0.64
Woodford,2003,0.65
Woodford,2004,0.64
Woodford,2005,0.62
Woodford,2006,0.68
Woodford,2007,0.65
Woodford,2008,0.63
Woodford,2009,0.61
Woodford,2010,0.62
Woodford,2011,0.6
Woodford,2012,0.63
Woodford,2013,0.65
Woodford,2014,0.64
Woodford,2015,0.65
Woodford,2016,0.65
Woodford,2017,0.64
Woodford,2018,0.63
Woodford,2019,0.62