Location,TimeFrame,CHILD_POVERTY_PCT
Adair,1997,33.8
Adair,1998,30.2
Adair,1999,29.6
Adair,2000,30.9
Adair,2001,31
Adair,2002,29.3
Adair,2003,29
Adair,2004,30
Adair,2005,35
Adair,2006,34.2
Adair,2007,31.7
Adair,2008,33
Adair,2009,34
Adair,2010,35.4
Adair,2011,37.6
Adair,2012,39.2
Adair,2013,39
Adair,2014,38.3
Adair,2015,41
Adair,2016,36.7
Adair,2017,33.5
Adair,2018,35
Allen,1997,20
Allen,1998,22.1
Allen,1999,19.7
Allen,2000,23.8
Allen,2001,19.4
Allen,2002,20
Allen,2003,20.8
Allen,2004,23.9
Allen,2005,25
Allen,2006,25.7
Allen,2007,27
Allen,2008,27.5
Allen,2009,27.9
Allen,2010,31
Allen,2011,29.4
Allen,2012,30.8
Allen,2013,31.4
Allen,2014,29.3
Allen,2015,30.2
Allen,2016,28
Allen,2017,30.2
Allen,2018,24.6
Anderson,1997,11.8
Anderson,1998,12.6
Anderson,1999,11.6
Anderson,2000,9
Anderson,2001,11.1
Anderson,2002,11.8
Anderson,2003,12.9
Anderson,2004,12.7
Anderson,2005,12
Anderson,2006,13.2
Anderson,2007,12.9
Anderson,2008,13.2
Anderson,2009,16.7
Anderson,2010,18.4
Anderson,2011,17.2
Anderson,2012,18
Anderson,2013,18.5
Anderson,2014,17.2
Anderson,2015,16.8
Anderson,2016,15.3
Anderson,2017,14.1
Anderson,2018,14.4
Ballard,1997,19
Ballard,1998,19.4
Ballard,1999,19.5
Ballard,2000,19.8
Ballard,2001,18.9
Ballard,2002,20.7
Ballard,2003,20.4
Ballard,2004,21
Ballard,2005,22
Ballard,2006,22
Ballard,2007,24.3
Ballard,2008,22.2
Ballard,2009,24.2
Ballard,2010,22.5
Ballard,2011,24.9
Ballard,2012,25.5
Ballard,2013,26.2
Ballard,2014,24
Ballard,2015,24.5
Ballard,2016,24.3
Ballard,2017,23.7
Ballard,2018,24.4
Barren,1997,22.8
Barren,1998,22.5
Barren,1999,20.8
Barren,2000,20.6
Barren,2001,21.3
Barren,2002,22.3
Barren,2003,22.5
Barren,2004,23.3
Barren,2005,27
Barren,2006,25.5
Barren,2007,25
Barren,2008,25.5
Barren,2009,28.2
Barren,2010,28.9
Barren,2011,31
Barren,2012,30.2
Barren,2013,29.3
Barren,2014,29.2
Barren,2015,28.7
Barren,2016,30.4
Barren,2017,32.8
Barren,2018,26.8
Bath,1997,35
Bath,1998,30.7
Bath,1999,28
Bath,2000,29.9
Bath,2001,26.6
Bath,2002,27.4
Bath,2003,28.1
Bath,2004,28.6
Bath,2005,33
Bath,2006,30.6
Bath,2007,36.5
Bath,2008,38.4
Bath,2009,37.7
Bath,2010,38.1
Bath,2011,38
Bath,2012,36.5
Bath,2013,38.9
Bath,2014,33.8
Bath,2015,37.8
Bath,2016,34.4
Bath,2017,34
Bath,2018,33.1
Bell,1997,39.3
Bell,1998,33.5
Bell,1999,34.2
Bell,2000,42.1
Bell,2001,37.2
Bell,2002,39.4
Bell,2003,38.5
Bell,2004,39.4
Bell,2005,47
Bell,2006,42.4
Bell,2007,38.7
Bell,2008,41.8
Bell,2009,51.5
Bell,2010,41.9
Bell,2011,50.5
Bell,2012,46.5
Bell,2013,47.3
Bell,2014,45.1
Bell,2015,56.8
Bell,2016,47.4
Bell,2017,45.5
Bell,2018,43.5
Boone,1997,9.5
Boone,1998,9.7
Boone,1999,9
Boone,2000,6.8
Boone,2001,7.8
Boone,2002,8.3
Boone,2003,9.1
Boone,2004,9.8
Boone,2005,10
Boone,2006,8.7
Boone,2007,8.3
Boone,2008,8
Boone,2009,10.7
Boone,2010,11.5
Boone,2011,12.1
Boone,2012,12.3
Boone,2013,11.7
Boone,2014,11.3
Boone,2015,10.5
Boone,2016,10.3
Boone,2017,8.7
Boone,2018,8.7
Bourbon,1997,20.9
Bourbon,1998,21.1
Bourbon,1999,18.5
Bourbon,2000,19.3
Bourbon,2001,19.6
Bourbon,2002,19.3
Bourbon,2003,19.9
Bourbon,2004,20.2
Bourbon,2005,25
Bourbon,2006,21.7
Bourbon,2007,21.6
Bourbon,2008,21.1
Bourbon,2009,24
Bourbon,2010,24.7
Bourbon,2011,28.8
Bourbon,2012,26.4
Bourbon,2013,25.8
Bourbon,2014,28.5
Bourbon,2015,24.4
Bourbon,2016,27.3
Bourbon,2017,23
Bourbon,2018,24.2
Boyd,1997,25.9
Boyd,1998,25.4
Boyd,1999,22.7
Boyd,2000,23.5
Boyd,2001,21.9
Boyd,2002,23.6
Boyd,2003,23.5
Boyd,2004,24.8
Boyd,2005,24
Boyd,2006,25.6
Boyd,2007,23.6
Boyd,2008,24
Boyd,2009,29.5
Boyd,2010,28.4
Boyd,2011,29.9
Boyd,2012,26.5
Boyd,2013,26.6
Boyd,2014,34.7
Boyd,2015,29.4
Boyd,2016,26.1
Boyd,2017,28.5
Boyd,2018,26.8
Boyle,1997,19.6
Boyle,1998,19.3
Boyle,1999,17.6
Boyle,2000,16.1
Boyle,2001,17.5
Boyle,2002,18.1
Boyle,2003,19
Boyle,2004,20
Boyle,2005,20
Boyle,2006,23.9
Boyle,2007,22.7
Boyle,2008,20.5
Boyle,2009,26.3
Boyle,2010,23.2
Boyle,2011,24.8
Boyle,2012,24.7
Boyle,2013,25
Boyle,2014,24.2
Boyle,2015,24.9
Boyle,2016,23.2
Boyle,2017,19.5
Boyle,2018,20.3
Bracken,1997,22.2
Bracken,1998,21.3
Bracken,1999,16
Bracken,2000,10.7
Bracken,2001,14.9
Bracken,2002,16.6
Bracken,2003,16.7
Bracken,2004,16.8
Bracken,2005,16
Bracken,2006,17.8
Bracken,2007,20.8
Bracken,2008,19.3
Bracken,2009,24.1
Bracken,2010,24.7
Bracken,2011,25.5
Bracken,2012,26
Bracken,2013,24.7
Bracken,2014,25.7
Bracken,2015,24.7
Bracken,2016,23.8
Bracken,2017,20.7
Bracken,2018,21.6
Breathitt,1997,44.9
Breathitt,1998,37.8
Breathitt,1999,37.6
Breathitt,2000,43.5
Breathitt,2001,39.2
Breathitt,2002,41.4
Breathitt,2003,39.8
Breathitt,2004,39.8
Breathitt,2005,47
Breathitt,2006,45.3
Breathitt,2007,45.3
Breathitt,2008,44.7
Breathitt,2009,46.6
Breathitt,2010,38.7
Breathitt,2011,47.2
Breathitt,2012,44.2
Breathitt,2013,43.6
Breathitt,2014,44.1
Breathitt,2015,42.9
Breathitt,2016,44.2
Breathitt,2017,44.5
Breathitt,2018,43.4
Breckinridge,1997,26.5
Breckinridge,1998,26.5
Breckinridge,1999,21.4
Breckinridge,2000,16.8
Breckinridge,2001,21.6
Breckinridge,2002,23.1
Breckinridge,2003,23.1
Breckinridge,2004,23.6
Breckinridge,2005,26
Breckinridge,2006,25.1
Breckinridge,2007,24.1
Breckinridge,2008,27
Breckinridge,2009,30
Breckinridge,2010,29.6
Breckinridge,2011,30.6
Breckinridge,2012,29.1
Breckinridge,2013,27.9
Breckinridge,2014,27.3
Breckinridge,2015,25.6
Breckinridge,2016,26.2
Breckinridge,2017,25.5
Breckinridge,2018,23.7
Bullitt,1997,14
Bullitt,1998,12.9
Bullitt,1999,12.8
Bullitt,2000,11.5
Bullitt,2001,10.6
Bullitt,2002,11.9
Bullitt,2003,13.7
Bullitt,2004,14.6
Bullitt,2005,13
Bullitt,2006,12.2
Bullitt,2007,13.3
Bullitt,2008,13.3
Bullitt,2009,14.7
Bullitt,2010,15.3
Bullitt,2011,16.7
Bullitt,2012,15.7
Bullitt,2013,15.4
Bullitt,2014,17.4
Bullitt,2015,14.5
Bullitt,2016,14.4
Bullitt,2017,12.2
Bullitt,2018,12.6
Butler,1997,27.8
Butler,1998,26.3
Butler,1999,22.5
Butler,2000,18.8
Butler,2001,21.5
Butler,2002,23.2
Butler,2003,24.4
Butler,2004,23.9
Butler,2005,25
Butler,2006,26
Butler,2007,26.8
Butler,2008,26.6
Butler,2009,30
Butler,2010,29.3
Butler,2011,30.5
Butler,2012,30
Butler,2013,33.5
Butler,2014,31
Butler,2015,31.3
Butler,2016,27.4
Butler,2017,23
Butler,2018,22.1
Caldwell,1997,25.8
Caldwell,1998,26.1
Caldwell,1999,22.5
Caldwell,2000,20.6
Caldwell,2001,20.1
Caldwell,2002,21.2
Caldwell,2003,20.8
Caldwell,2004,21.7
Caldwell,2005,23
Caldwell,2006,24.3
Caldwell,2007,25.2
Caldwell,2008,23.4
Caldwell,2009,26.7
Caldwell,2010,28.7
Caldwell,2011,30.9
Caldwell,2012,31.1
Caldwell,2013,28.7
Caldwell,2014,28.4
Caldwell,2015,29.4
Caldwell,2016,33.6
Caldwell,2017,24.6
Caldwell,2018,26.6
Calloway,1997,20
Calloway,1998,18.6
Calloway,1999,18.7
Calloway,2000,18.6
Calloway,2001,18.4
Calloway,2002,19.4
Calloway,2003,20
Calloway,2004,20.4
Calloway,2005,22
Calloway,2006,19.9
Calloway,2007,22
Calloway,2008,20.9
Calloway,2009,23.8
Calloway,2010,22.5
Calloway,2011,23.7
Calloway,2012,23.4
Calloway,2013,24.5
Calloway,2014,24.7
Calloway,2015,24.1
Calloway,2016,24.9
Calloway,2017,20.6
Calloway,2018,23.1
Campbell,1997,14.6
Campbell,1998,14.7
Campbell,1999,13.7
Campbell,2000,12.4
Campbell,2001,12.4
Campbell,2002,13.2
Campbell,2003,13.4
Campbell,2004,14
Campbell,2005,17
Campbell,2006,16.4
Campbell,2007,13.9
Campbell,2008,15.6
Campbell,2009,15.6
Campbell,2010,17.2
Campbell,2011,18.3
Campbell,2012,19.4
Campbell,2013,21.1
Campbell,2014,17.7
Campbell,2015,17.8
Campbell,2016,16.7
Campbell,2017,11.7
Campbell,2018,14.4
Carlisle,1997,24.4
Carlisle,1998,22.7
Carlisle,1999,20.8
Carlisle,2000,18.6
Carlisle,2001,21.2
Carlisle,2002,20.2
Carlisle,2003,20.6
Carlisle,2004,20.3
Carlisle,2005,22
Carlisle,2006,23
Carlisle,2007,23.6
Carlisle,2008,23.4
Carlisle,2009,23.9
Carlisle,2010,24.6
Carlisle,2011,28.3
Carlisle,2012,27.3
Carlisle,2013,28.3
Carlisle,2014,27.6
Carlisle,2015,25.2
Carlisle,2016,25.3
Carlisle,2017,22.4
Carlisle,2018,23.7
Carroll,1997,25
Carroll,1998,25
Carroll,1999,20.9
Carroll,2000,20.6
Carroll,2001,20.3
Carroll,2002,19.6
Carroll,2003,19.3
Carroll,2004,20.6
Carroll,2005,21
Carroll,2006,23.1
Carroll,2007,22.7
Carroll,2008,21.9
Carroll,2009,25.3
Carroll,2010,36.8
Carroll,2011,29.7
Carroll,2012,33.4
Carroll,2013,31.6
Carroll,2014,28.2
Carroll,2015,28.7
Carroll,2016,32.3
Carroll,2017,31.3
Carroll,2018,24.8
Carter,1997,34.6
Carter,1998,29.5
Carter,1999,28.6
Carter,2000,29.6
Carter,2001,28.6
Carter,2002,31.6
Carter,2003,30
Carter,2004,31.2
Carter,2005,31
Carter,2006,33.1
Carter,2007,29.1
Carter,2008,29.9
Carter,2009,34.9
Carter,2010,34.4
Carter,2011,33.3
Carter,2012,34.2
Carter,2013,31.4
Carter,2014,32.6
Carter,2015,29.4
Carter,2016,31.6
Carter,2017,33.9
Carter,2018,33.4
Casey,1997,32.6
Casey,1998,30.5
Casey,1999,28.6
Casey,2000,32.3
Casey,2001,31.5
Casey,2002,33.1
Casey,2003,32.7
Casey,2004,32.6
Casey,2005,37
Casey,2006,38.9
Casey,2007,36
Casey,2008,37.2
Casey,2009,40.6
Casey,2010,40.8
Casey,2011,41.9
Casey,2012,40.1
Casey,2013,42.8
Casey,2014,42.6
Casey,2015,38.2
Casey,2016,36.6
Casey,2017,33.2
Casey,2018,38.5
Christian,1997,24.7
Christian,1998,25
Christian,1999,20.3
Christian,2000,19.5
Christian,2001,23.2
Christian,2002,24
Christian,2003,20.1
Christian,2004,23.2
Christian,2005,23
Christian,2006,27.4
Christian,2007,27.4
Christian,2008,29
Christian,2009,25.4
Christian,2010,29
Christian,2011,34.4
Christian,2012,32.2
Christian,2013,26.3
Christian,2014,30.4
Christian,2015,28.9
Christian,2016,27
Christian,2017,27.4
Christian,2018,26.3
Clark,1997,20.5
Clark,1998,20.3
Clark,1999,17.8
Clark,2000,15
Clark,2001,17.1
Clark,2002,19.1
Clark,2003,19.3
Clark,2004,19.5
Clark,2005,19
Clark,2006,20.4
Clark,2007,21.8
Clark,2008,21.4
Clark,2009,22.6
Clark,2010,26.2
Clark,2011,25.4
Clark,2012,22.8
Clark,2013,25.7
Clark,2014,25.3
Clark,2015,23.9
Clark,2016,24.8
Clark,2017,20
Clark,2018,24.8
Clay,1997,43.8
Clay,1998,33.5
Clay,1999,38.3
Clay,2000,47.8
Clay,2001,38.9
Clay,2002,40.6
Clay,2003,41.6
Clay,2004,43.6
Clay,2005,50
Clay,2006,46.1
Clay,2007,50
Clay,2008,48.8
Clay,2009,54.8
Clay,2010,48.9
Clay,2011,47.1
Clay,2012,52.2
Clay,2013,52.5
Clay,2014,46.8
Clay,2015,53
Clay,2016,52.4
Clay,2017,55.7
Clay,2018,47.2
Clinton,1997,42.5
Clinton,1998,37.4
Clinton,1999,32.6
Clinton,2000,31.9
Clinton,2001,32.4
Clinton,2002,33.2
Clinton,2003,32.5
Clinton,2004,32.6
Clinton,2005,37
Clinton,2006,40.5
Clinton,2007,36.8
Clinton,2008,38.3
Clinton,2009,39.4
Clinton,2010,37.5
Clinton,2011,39
Clinton,2012,39.5
Clinton,2013,41.2
Clinton,2014,37.5
Clinton,2015,39.6
Clinton,2016,36.7
Clinton,2017,35.4
Clinton,2018,37.5
Crittenden,1997,25.8
Crittenden,1998,21.8
Crittenden,1999,24
Crittenden,2000,30.8
Crittenden,2001,26.9
Crittenden,2002,24.9
Crittenden,2003,27.2
Crittenden,2004,26.6
Crittenden,2005,30
Crittenden,2006,29.8
Crittenden,2007,31.3
Crittenden,2008,29.7
Crittenden,2009,31
Crittenden,2010,31.9
Crittenden,2011,32.5
Crittenden,2012,34.3
Crittenden,2013,34.1
Crittenden,2014,31.2
Crittenden,2015,31.3
Crittenden,2016,29.2
Crittenden,2017,28.6
Crittenden,2018,28.7
Cumberland,1997,40.4
Cumberland,1998,36.4
Cumberland,1999,30.2
Cumberland,2000,30.5
Cumberland,2001,30.9
Cumberland,2002,30.3
Cumberland,2003,31.1
Cumberland,2004,30.7
Cumberland,2005,34
Cumberland,2006,38.9
Cumberland,2007,36
Cumberland,2008,36.1
Cumberland,2009,36.7
Cumberland,2010,39.5
Cumberland,2011,41
Cumberland,2012,42.1
Cumberland,2013,40.3
Cumberland,2014,37.8
Cumberland,2015,36.2
Cumberland,2016,38.1
Cumberland,2017,33
Cumberland,2018,33.1
Daviess,1997,18.8
Daviess,1998,18.7
Daviess,1999,17.1
Daviess,2000,16
Daviess,2001,16.3
Daviess,2002,18.1
Daviess,2003,18.2
Daviess,2004,18.9
Daviess,2005,19
Daviess,2006,19.4
Daviess,2007,22.8
Daviess,2008,17.9
Daviess,2009,21.9
Daviess,2010,24.6
Daviess,2011,24.1
Daviess,2012,23.2
Daviess,2013,21.4
Daviess,2014,21.5
Daviess,2015,20.9
Daviess,2016,19.9
Daviess,2017,21.7
Daviess,2018,19.2
Edmonson,1997,28.2
Edmonson,1998,25.7
Edmonson,1999,24.5
Edmonson,2000,25.6
Edmonson,2001,24.1
Edmonson,2002,24.4
Edmonson,2003,25.6
Edmonson,2004,25.7
Edmonson,2005,28
Edmonson,2006,28.4
Edmonson,2007,26.2
Edmonson,2008,29
Edmonson,2009,29.4
Edmonson,2010,30.1
Edmonson,2011,28
Edmonson,2012,28.3
Edmonson,2013,29.3
Edmonson,2014,28.4
Edmonson,2015,28.6
Edmonson,2016,30.7
Edmonson,2017,24.5
Edmonson,2018,22.1
Elliott,1997,39.4
Elliott,1998,35.5
Elliott,1999,32.3
Elliott,2000,30.8
Elliott,2001,31.8
Elliott,2002,33.4
Elliott,2003,32.3
Elliott,2004,34
Elliott,2005,40
Elliott,2006,38.3
Elliott,2007,37.9
Elliott,2008,40.6
Elliott,2009,38.8
Elliott,2010,36
Elliott,2011,38.4
Elliott,2012,39
Elliott,2013,38.1
Elliott,2014,40.2
Elliott,2015,40.3
Elliott,2016,37
Elliott,2017,35
Elliott,2018,29.1
Estill,1997,33.7
Estill,1998,31.1
Estill,1999,29.2
Estill,2000,33
Estill,2001,28.4
Estill,2002,31.7
Estill,2003,31.3
Estill,2004,32.8
Estill,2005,39
Estill,2006,35.8
Estill,2007,36.2
Estill,2008,36.3
Estill,2009,42.5
Estill,2010,42.2
Estill,2011,40.5
Estill,2012,39.7
Estill,2013,40.3
Estill,2014,38
Estill,2015,38.8
Estill,2016,39.1
Estill,2017,29.8
Estill,2018,33
Fayette,1997,16.9
Fayette,1998,16.8
Fayette,1999,15.7
Fayette,2000,14.7
Fayette,2001,15.5
Fayette,2002,17.2
Fayette,2003,17.7
Fayette,2004,18.2
Fayette,2005,17
Fayette,2006,18.5
Fayette,2007,19.5
Fayette,2008,19.2
Fayette,2009,19.9
Fayette,2010,23.9
Fayette,2011,21.2
Fayette,2012,20.2
Fayette,2013,21.8
Fayette,2014,23.7
Fayette,2015,22.6
Fayette,2016,22.3
Fayette,2017,17.1
Fayette,2018,17.3
Fleming,1997,28.8
Fleming,1998,25.7
Fleming,1999,24.8
Fleming,2000,25.2
Fleming,2001,25.5
Fleming,2002,25.4
Fleming,2003,25.3
Fleming,2004,25.6
Fleming,2005,28
Fleming,2006,28.1
Fleming,2007,27.3
Fleming,2008,27.7
Fleming,2009,31.3
Fleming,2010,30.8
Fleming,2011,32
Fleming,2012,31.3
Fleming,2013,32.1
Fleming,2014,30.2
Fleming,2015,31.8
Fleming,2016,33.8
Fleming,2017,25.4
Fleming,2018,29.1
Floyd,1997,37.2
Floyd,1998,31
Floyd,1999,33.4
Floyd,2000,40.1
Floyd,2001,33.7
Floyd,2002,35.9
Floyd,2003,34.8
Floyd,2004,35.7
Floyd,2005,39
Floyd,2006,41.1
Floyd,2007,44.4
Floyd,2008,38.7
Floyd,2009,40.8
Floyd,2010,43.5
Floyd,2011,37.5
Floyd,2012,43.9
Floyd,2013,37.9
Floyd,2014,44.3
Floyd,2015,43.1
Floyd,2016,38.4
Floyd,2017,39
Floyd,2018,44.3
Franklin,1997,17.1
Franklin,1998,15.8
Franklin,1999,15.3
Franklin,2000,12.8
Franklin,2001,14
Franklin,2002,15
Franklin,2003,15.7
Franklin,2004,17
Franklin,2005,17
Franklin,2006,16.6
Franklin,2007,17.8
Franklin,2008,18.1
Franklin,2009,21.1
Franklin,2010,23
Franklin,2011,22.4
Franklin,2012,24
Franklin,2013,24.2
Franklin,2014,21.3
Franklin,2015,22.5
Franklin,2016,20.9
Franklin,2017,19.2
Franklin,2018,18.8
Fulton,1997,38
Fulton,1998,34.3
Fulton,1999,30
Fulton,2000,32.5
Fulton,2001,31.5
Fulton,2002,31.7
Fulton,2003,32.6
Fulton,2004,33.2
Fulton,2005,38
Fulton,2006,39.3
Fulton,2007,42.8
Fulton,2008,44.7
Fulton,2009,44.4
Fulton,2010,41.5
Fulton,2011,44.7
Fulton,2012,43.9
Fulton,2013,45.6
Fulton,2014,44.9
Fulton,2015,47.6
Fulton,2016,46.7
Fulton,2017,42.8
Fulton,2018,46.1
Gallatin,1997,23.6
Gallatin,1998,16.4
Gallatin,1999,20
Gallatin,2000,17.1
Gallatin,2001,18.1
Gallatin,2002,18.5
Gallatin,2003,19.9
Gallatin,2004,21.2
Gallatin,2005,25
Gallatin,2006,24.3
Gallatin,2007,24.5
Gallatin,2008,24.2
Gallatin,2009,27.7
Gallatin,2010,25.3
Gallatin,2011,28.1
Gallatin,2012,27.5
Gallatin,2013,24.5
Gallatin,2014,25.5
Gallatin,2015,23.8
Gallatin,2016,23.9
Gallatin,2017,21.8
Gallatin,2018,23.6
Garrard,1997,22.9
Garrard,1998,22.6
Garrard,1999,20.1
Garrard,2000,19.7
Garrard,2001,20.3
Garrard,2002,20.9
Garrard,2003,21.1
Garrard,2004,20.8
Garrard,2005,22
Garrard,2006,22.1
Garrard,2007,24.8
Garrard,2008,22.9
Garrard,2009,26.8
Garrard,2010,25.8
Garrard,2011,31.2
Garrard,2012,28.2
Garrard,2013,28.7
Garrard,2014,26.7
Garrard,2015,24.3
Garrard,2016,24.4
Garrard,2017,23.8
Garrard,2018,23.5
Grant,1997,19.7
Grant,1998,18.5
Grant,1999,17.3
Grant,2000,15.5
Grant,2001,17.5
Grant,2002,18.7
Grant,2003,18.1
Grant,2004,19
Grant,2005,19
Grant,2006,20.4
Grant,2007,25.5
Grant,2008,21.3
Grant,2009,25.4
Grant,2010,26.1
Grant,2011,25
Grant,2012,26.3
Grant,2013,27.9
Grant,2014,25.9
Grant,2015,27
Grant,2016,22
Grant,2017,20.7
Grant,2018,20.3
Graves,1997,21.1
Graves,1998,21.3
Graves,1999,20.8
Graves,2000,22.7
Graves,2001,21
Graves,2002,21.1
Graves,2003,21.4
Graves,2004,22.9
Graves,2005,25
Graves,2006,25
Graves,2007,24.8
Graves,2008,28.7
Graves,2009,28
Graves,2010,28.6
Graves,2011,29.4
Graves,2012,28.1
Graves,2013,28.7
Graves,2014,26
Graves,2015,27.4
Graves,2016,30
Graves,2017,24.9
Graves,2018,25.4
Grayson,1997,28.6
Grayson,1998,22.9
Grayson,1999,24.4
Grayson,2000,25
Grayson,2001,25
Grayson,2002,25.9
Grayson,2003,26
Grayson,2004,26.4
Grayson,2005,35
Grayson,2006,28.2
Grayson,2007,29.3
Grayson,2008,27.5
Grayson,2009,31.8
Grayson,2010,31.8
Grayson,2011,39.2
Grayson,2012,32.1
Grayson,2013,34.6
Grayson,2014,30.5
Grayson,2015,32.5
Grayson,2016,32.2
Grayson,2017,29.6
Grayson,2018,28.7
Green,1997,29.7
Green,1998,29.1
Green,1999,25.7
Green,2000,23.6
Green,2001,25.1
Green,2002,25.2
Green,2003,25.5
Green,2004,25.3
Green,2005,28
Green,2006,27.4
Green,2007,27.8
Green,2008,29.8
Green,2009,34.1
Green,2010,32.4
Green,2011,35.2
Green,2012,31.4
Green,2013,31.6
Green,2014,29.6
Green,2015,29.1
Green,2016,28.7
Green,2017,26.2
Green,2018,26.1
Greenup,1997,24.2
Greenup,1998,22.8
Greenup,1999,21
Greenup,2000,18.9
Greenup,2001,20.2
Greenup,2002,21.5
Greenup,2003,21.9
Greenup,2004,22.4
Greenup,2005,27
Greenup,2006,22.2
Greenup,2007,22.5
Greenup,2008,22
Greenup,2009,23.3
Greenup,2010,23.8
Greenup,2011,24.1
Greenup,2012,25.1
Greenup,2013,25.7
Greenup,2014,22.5
Greenup,2015,23.5
Greenup,2016,24.4
Greenup,2017,22.2
Greenup,2018,21.3
Hancock,1997,16.1
Hancock,1998,14.5
Hancock,1999,16.5
Hancock,2000,18.2
Hancock,2001,13.9
Hancock,2002,13.3
Hancock,2003,14.2
Hancock,2004,15.7
Hancock,2005,17
Hancock,2006,15.9
Hancock,2007,17.7
Hancock,2008,17.1
Hancock,2009,18.4
Hancock,2010,20.1
Hancock,2011,19.9
Hancock,2012,20.9
Hancock,2013,19.3
Hancock,2014,18.9
Hancock,2015,20
Hancock,2016,17.4
Hancock,2017,17.2
Hancock,2018,16.3
Hardin,1997,16.9
Hardin,1998,17.9
Hardin,1999,15.2
Hardin,2000,13.9
Hardin,2001,15.7
Hardin,2002,17.1
Hardin,2003,15.5
Hardin,2004,18.1
Hardin,2005,17
Hardin,2006,17.3
Hardin,2007,16.4
Hardin,2008,18.3
Hardin,2009,21.4
Hardin,2010,22.6
Hardin,2011,24
Hardin,2012,22.3
Hardin,2013,20.3
Hardin,2014,21.8
Hardin,2015,21.6
Hardin,2016,18.5
Hardin,2017,16.8
Hardin,2018,17.7
Harlan,1997,39.1
Harlan,1998,32.2
Harlan,1999,34.3
Harlan,2000,40.4
Harlan,2001,36.8
Harlan,2002,39.7
Harlan,2003,37.9
Harlan,2004,37.9
Harlan,2005,43
Harlan,2006,42.9
Harlan,2007,39.9
Harlan,2008,41.6
Harlan,2009,44.2
Harlan,2010,39.2
Harlan,2011,41.6
Harlan,2012,38.8
Harlan,2013,36.6
Harlan,2014,42.6
Harlan,2015,47.7
Harlan,2016,44.1
Harlan,2017,49.2
Harlan,2018,43.6
Harrison,1997,19.6
Harrison,1998,17.9
Harrison,1999,17.9
Harrison,2000,16.1
Harrison,2001,16.4
Harrison,2002,18
Harrison,2003,18.6
Harrison,2004,19.5
Harrison,2005,20
Harrison,2006,20.6
Harrison,2007,19.9
Harrison,2008,21.6
Harrison,2009,28
Harrison,2010,24.4
Harrison,2011,27.5
Harrison,2012,26.8
Harrison,2013,25.1
Harrison,2014,24.2
Harrison,2015,24.4
Harrison,2016,23.4
Harrison,2017,21.1
Harrison,2018,21.7
Hart,1997,34.5
Hart,1998,28.6
Hart,1999,28.6
Hart,2000,28.6
Hart,2001,29.7
Hart,2002,30.8
Hart,2003,28.8
Hart,2004,28.9
Hart,2005,34
Hart,2006,31.6
Hart,2007,33.1
Hart,2008,32
Hart,2009,35.4
Hart,2010,37
Hart,2011,40.4
Hart,2012,36.2
Hart,2013,37.5
Hart,2014,33.7
Hart,2015,31.1
Hart,2016,30.1
Hart,2017,26.2
Hart,2018,28.5
Henderson,1997,18.9
Henderson,1998,19
Henderson,1999,18.5
Henderson,2000,17.6
Henderson,2001,17.1
Henderson,2002,17.8
Henderson,2003,18.8
Henderson,2004,19.8
Henderson,2005,20
Henderson,2006,20.1
Henderson,2007,19.3
Henderson,2008,20.9
Henderson,2009,26.2
Henderson,2010,22.4
Henderson,2011,24.4
Henderson,2012,25.8
Henderson,2013,28.1
Henderson,2014,27.2
Henderson,2015,24.2
Henderson,2016,24.9
Henderson,2017,20.6
Henderson,2018,21.6
Henry,1997,22.4
Henry,1998,20.3
Henry,1999,18.8
Henry,2000,16.4
Henry,2001,17
Henry,2002,17.3
Henry,2003,17.9
Henry,2004,18.4
Henry,2005,20
Henry,2006,20.1
Henry,2007,21.6
Henry,2008,22
Henry,2009,22.8
Henry,2010,25.3
Henry,2011,28.1
Henry,2012,26.3
Henry,2013,23.2
Henry,2014,25.7
Henry,2015,26.5
Henry,2016,30.7
Henry,2017,20.3
Henry,2018,21.7
Hickman,1997,24.3
Hickman,1998,22.4
Hickman,1999,23.9
Hickman,2000,27.7
Hickman,2001,25.2
Hickman,2002,21.3
Hickman,2003,21.9
Hickman,2004,23.9
Hickman,2005,27
Hickman,2006,27.3
Hickman,2007,28.7
Hickman,2008,27.5
Hickman,2009,29.5
Hickman,2010,30.7
Hickman,2011,29
Hickman,2012,30.4
Hickman,2013,30.5
Hickman,2014,29.3
Hickman,2015,29.9
Hickman,2016,32.9
Hickman,2017,27.6
Hickman,2018,27.8
Hopkins,1997,24.8
Hopkins,1998,23
Hopkins,1999,23
Hopkins,2000,24.7
Hopkins,2001,22.5
Hopkins,2002,23
Hopkins,2003,22.8
Hopkins,2004,24.4
Hopkins,2005,27
Hopkins,2006,24.7
Hopkins,2007,26.7
Hopkins,2008,26.5
Hopkins,2009,30.3
Hopkins,2010,29.5
Hopkins,2011,29.2
Hopkins,2012,26.4
Hopkins,2013,26.4
Hopkins,2014,24.9
Hopkins,2015,26.6
Hopkins,2016,24.3
Hopkins,2017,25.2
Hopkins,2018,23.6
Jackson,1997,42.5
Jackson,1998,32.9
Jackson,1999,32.8
Jackson,2000,37
Jackson,2001,33.9
Jackson,2002,35.6
Jackson,2003,33.2
Jackson,2004,34.5
Jackson,2005,40
Jackson,2006,37.6
Jackson,2007,43
Jackson,2008,36.7
Jackson,2009,41.9
Jackson,2010,40.1
Jackson,2011,42.3
Jackson,2012,43.5
Jackson,2013,42.9
Jackson,2014,36
Jackson,2015,41
Jackson,2016,40.5
Jackson,2017,38.9
Jackson,2018,36.5
Jefferson,1997,19.4
Jefferson,1998,19.6
Jefferson,1999,17.4
Jefferson,2000,18.5
Jefferson,2001,17.3
Jefferson,2002,19
Jefferson,2003,18.9
Jefferson,2004,21
Jefferson,2005,19
Jefferson,2006,21.5
Jefferson,2007,21
Jefferson,2008,21.7
Jefferson,2009,22
Jefferson,2010,24.4
Jefferson,2011,26.6
Jefferson,2012,26
Jefferson,2013,22.3
Jefferson,2014,23.9
Jefferson,2015,22.4
Jefferson,2016,20.9
Jefferson,2017,19.8
Jefferson,2018,22.4
Jessamine,1997,17.8
Jessamine,1998,16.5
Jessamine,1999,16.3
Jessamine,2000,14
Jessamine,2001,16
Jessamine,2002,17.8
Jessamine,2003,18
Jessamine,2004,18.8
Jessamine,2005,18
Jessamine,2006,18.6
Jessamine,2007,19.2
Jessamine,2008,17.9
Jessamine,2009,20.9
Jessamine,2010,23.6
Jessamine,2011,25.3
Jessamine,2012,22.5
Jessamine,2013,21.8
Jessamine,2014,21.6
Jessamine,2015,23.8
Jessamine,2016,21.2
Jessamine,2017,20.3
Jessamine,2018,17
Johnson,1997,34.9
Johnson,1998,30
Johnson,1999,31.4
Johnson,2000,36.1
Johnson,2001,29.7
Johnson,2002,31
Johnson,2003,30.5
Johnson,2004,32.2
Johnson,2005,34
Johnson,2006,34.9
Johnson,2007,32.8
Johnson,2008,34.7
Johnson,2009,32.9
Johnson,2010,32.8
Johnson,2011,35.8
Johnson,2012,32.8
Johnson,2013,32.7
Johnson,2014,31.5
Johnson,2015,34.4
Johnson,2016,31.9
Johnson,2017,29.7
Johnson,2018,29
Kenton,1997,14.5
Kenton,1998,14.3
Kenton,1999,13.6
Kenton,2000,12.4
Kenton,2001,12.6
Kenton,2002,13.9
Kenton,2003,14.7
Kenton,2004,15.6
Kenton,2005,15
Kenton,2006,13.6
Kenton,2007,16.7
Kenton,2008,15.5
Kenton,2009,19.7
Kenton,2010,18.3
Kenton,2011,23.1
Kenton,2012,20.8
Kenton,2013,19.7
Kenton,2014,22.3
Kenton,2015,18.2
Kenton,2016,18.2
Kenton,2017,14.3
Kenton,2018,14.1
Knott,1997,35.9
Knott,1998,29.3
Knott,1999,32.5
Knott,2000,40.2
Knott,2001,31
Knott,2002,33.6
Knott,2003,34.2
Knott,2004,35.4
Knott,2005,40
Knott,2006,40.2
Knott,2007,39.5
Knott,2008,39.4
Knott,2009,32.2
Knott,2010,34.3
Knott,2011,39.3
Knott,2012,38.3
Knott,2013,38.3
Knott,2014,44.1
Knott,2015,46.4
Knott,2016,47
Knott,2017,42
Knott,2018,41.4
Knox,1997,43.1
Knox,1998,37.1
Knox,1999,35.8
Knox,2000,42.5
Knox,2001,38.4
Knox,2002,39.7
Knox,2003,38.3
Knox,2004,39.2
Knox,2005,46
Knox,2006,47.2
Knox,2007,42.3
Knox,2008,45
Knox,2009,47.9
Knox,2010,45.3
Knox,2011,44.9
Knox,2012,43.8
Knox,2013,49.4
Knox,2014,49
Knox,2015,45.2
Knox,2016,46.5
Knox,2017,37.4
Knox,2018,44.5
Larue,1997,22.3
Larue,1998,20.4
Larue,1999,19.7
Larue,2000,19.4
Larue,2001,19.1
Larue,2002,21.4
Larue,2003,20.5
Larue,2004,21.4
Larue,2005,22
Larue,2006,22.4
Larue,2007,22.4
Larue,2008,23.8
Larue,2009,25.9
Larue,2010,29.7
Larue,2011,28.2
Larue,2012,29.5
Larue,2013,27.1
Larue,2014,27.8
Larue,2015,27.7
Larue,2016,27.8
Larue,2017,21.4
Larue,2018,22.2
Laurel,1997,30.2
Laurel,1998,25.5
Laurel,1999,25.8
Laurel,2000,29.4
Laurel,2001,26.4
Laurel,2002,27
Laurel,2003,27.5
Laurel,2004,28.9
Laurel,2005,28
Laurel,2006,27.9
Laurel,2007,30.2
Laurel,2008,27.9
Laurel,2009,31.7
Laurel,2010,33.3
Laurel,2011,33.2
Laurel,2012,29.8
Laurel,2013,31.4
Laurel,2014,35
Laurel,2015,33.1
Laurel,2016,31.6
Laurel,2017,30.4
Laurel,2018,29.4
Lawrence,1997,36.5
Lawrence,1998,30.9
Lawrence,1999,32.7
Lawrence,2000,40.6
Lawrence,2001,30
Lawrence,2002,32.2
Lawrence,2003,32.4
Lawrence,2004,34.7
Lawrence,2005,48
Lawrence,2006,35.6
Lawrence,2007,34.6
Lawrence,2008,35.5
Lawrence,2009,41.8
Lawrence,2010,29.9
Lawrence,2011,34.6
Lawrence,2012,32.8
Lawrence,2013,32.2
Lawrence,2014,33.1
Lawrence,2015,34.3
Lawrence,2016,33.7
Lawrence,2017,38.9
Lawrence,2018,31.1
Lee,1997,47
Lee,1998,36.4
Lee,1999,36.6
Lee,2000,41.8
Lee,2001,36.7
Lee,2002,38.7
Lee,2003,39.4
Lee,2004,39.4
Lee,2005,46
Lee,2006,44.2
Lee,2007,45.9
Lee,2008,46.2
Lee,2009,48.8
Lee,2010,52.2
Lee,2011,48.9
Lee,2012,48.9
Lee,2013,50
Lee,2014,45.1
Lee,2015,50.2
Lee,2016,52.6
Lee,2017,48
Lee,2018,43.7
Leslie,1997,38.3
Leslie,1998,29.5
Leslie,1999,32.6
Leslie,2000,39.3
Leslie,2001,32.3
Leslie,2002,36.5
Leslie,2003,37.4
Leslie,2004,37.9
Leslie,2005,42
Leslie,2006,36.4
Leslie,2007,37.4
Leslie,2008,36.8
Leslie,2009,36.9
Leslie,2010,35.8
Leslie,2011,33.9
Leslie,2012,34.7
Leslie,2013,37.3
Leslie,2014,38.4
Leslie,2015,39.4
Leslie,2016,38.9
Leslie,2017,37.3
Leslie,2018,38.8
Letcher,1997,33.6
Letcher,1998,28.1
Letcher,1999,31.4
Letcher,2000,36.2
Letcher,2001,27.8
Letcher,2002,31.6
Letcher,2003,33.2
Letcher,2004,32.8
Letcher,2005,36
Letcher,2006,36
Letcher,2007,35.3
Letcher,2008,37.3
Letcher,2009,36.5
Letcher,2010,32.6
Letcher,2011,34.9
Letcher,2012,33.4
Letcher,2013,34.4
Letcher,2014,37.1
Letcher,2015,41.9
Letcher,2016,44.7
Letcher,2017,38.3
Letcher,2018,36
Lewis,1997,36.1
Lewis,1998,32.5
Lewis,1999,32.1
Lewis,2000,36.8
Lewis,2001,32.3
Lewis,2002,36
Lewis,2003,34.8
Lewis,2004,36.7
Lewis,2005,40
Lewis,2006,37.8
Lewis,2007,39
Lewis,2008,38.3
Lewis,2009,41.7
Lewis,2010,39.5
Lewis,2011,48
Lewis,2012,42.7
Lewis,2013,39.3
Lewis,2014,44.9
Lewis,2015,35.6
Lewis,2016,37.5
Lewis,2017,35.3
Lewis,2018,33.1
Lincoln,1997,29.5
Lincoln,1998,24.4
Lincoln,1999,24.4
Lincoln,2000,27.2
Lincoln,2001,25.7
Lincoln,2002,26.1
Lincoln,2003,25.2
Lincoln,2004,26.2
Lincoln,2005,27
Lincoln,2006,27.2
Lincoln,2007,27.7
Lincoln,2008,29.2
Lincoln,2009,33.1
Lincoln,2010,33.9
Lincoln,2011,36.8
Lincoln,2012,35
Lincoln,2013,31.4
Lincoln,2014,35.3
Lincoln,2015,31.4
Lincoln,2016,31.6
Lincoln,2017,28.2
Lincoln,2018,28.7
Livingston,1997,22.8
Livingston,1998,19.9
Livingston,1999,17
Livingston,2000,11.3
Livingston,2001,17.6
Livingston,2002,18.9
Livingston,2003,18.3
Livingston,2004,19.3
Livingston,2005,21
Livingston,2006,19.4
Livingston,2007,20.3
Livingston,2008,19.8
Livingston,2009,23.3
Livingston,2010,23.4
Livingston,2011,25.4
Livingston,2012,23.1
Livingston,2013,22.8
Livingston,2014,23
Livingston,2015,25
Livingston,2016,24.1
Livingston,2017,23.4
Livingston,2018,23.3
Logan,1997,20.7
Logan,1998,20.1
Logan,1999,19.7
Logan,2000,21.3
Logan,2001,21.4
Logan,2002,21.7
Logan,2003,21.6
Logan,2004,22.4
Logan,2005,24
Logan,2006,23.6
Logan,2007,23.3
Logan,2008,23.1
Logan,2009,27.3
Logan,2010,27.5
Logan,2011,30.8
Logan,2012,28.2
Logan,2013,28.1
Logan,2014,25.9
Logan,2015,24.3
Logan,2016,26.2
Logan,2017,24.4
Logan,2018,26.5
Lyon,1997,21.2
Lyon,1998,19.7
Lyon,1999,19.3
Lyon,2000,17.6
Lyon,2001,16.1
Lyon,2002,18.1
Lyon,2003,17.4
Lyon,2004,17.2
Lyon,2005,18
Lyon,2006,19.1
Lyon,2007,18.3
Lyon,2008,19.2
Lyon,2009,22.3
Lyon,2010,20.8
Lyon,2011,22.8
Lyon,2012,23
Lyon,2013,22.8
Lyon,2014,22.7
Lyon,2015,22.4
Lyon,2016,22.8
Lyon,2017,20.2
Lyon,2018,20.1
McCracken,1997,22.5
McCracken,1998,22.1
McCracken,1999,21.2
McCracken,2000,22.1
McCracken,2001,21
McCracken,2002,22
McCracken,2003,22.6
McCracken,2004,24.2
McCracken,2005,25
McCracken,2006,23.7
McCracken,2007,22.4
McCracken,2008,23.4
McCracken,2009,24.6
McCracken,2010,25.6
McCracken,2011,27.2
McCracken,2012,26.6
McCracken,2013,28.7
McCracken,2014,26
McCracken,2015,24.6
McCracken,2016,25.6
McCracken,2017,21.2
McCracken,2018,21.7
McCreary,1997,46.6
McCreary,1998,36
McCreary,1999,37.8
McCreary,2000,41.4
McCreary,2001,39.6
McCreary,2002,42.7
McCreary,2003,40.9
McCreary,2004,41.4
McCreary,2005,54
McCreary,2006,46
McCreary,2007,52.4
McCreary,2008,51.1
McCreary,2009,49.6
McCreary,2010,49.3
McCreary,2011,47.8
McCreary,2012,51.2
McCreary,2013,52.6
McCreary,2014,50.2
McCreary,2015,51.9
McCreary,2016,47.4
McCreary,2017,45.6
McCreary,2018,39.4
McLean,1997,21.8
McLean,1998,19.7
McLean,1999,20.1
McLean,2000,21.2
McLean,2001,18.2
McLean,2002,18.6
McLean,2003,19.8
McLean,2004,20
McLean,2005,22
McLean,2006,22.2
McLean,2007,23.5
McLean,2008,24.7
McLean,2009,23.7
McLean,2010,24.1
McLean,2011,28.7
McLean,2012,24.9
McLean,2013,24.8
McLean,2014,24.4
McLean,2015,26
McLean,2016,23.4
McLean,2017,21.3
McLean,2018,19
Madison,1997,21.2
Madison,1998,19.6
Madison,1999,18.8
Madison,2000,18.2
Madison,2001,17.9
Madison,2002,19.3
Madison,2003,19.2
Madison,2004,20.1
Madison,2005,21
Madison,2006,19.8
Madison,2007,22.6
Madison,2008,17.5
Madison,2009,24.3
Madison,2010,25.1
Madison,2011,24.4
Madison,2012,25
Madison,2013,22.9
Madison,2014,22.9
Madison,2015,20.1
Madison,2016,23.2
Madison,2017,17.6
Madison,2018,17.6
Magoffin,1997,41.9
Magoffin,1998,31
Magoffin,1999,36.8
Magoffin,2000,46
Magoffin,2001,35.4
Magoffin,2002,38.5
Magoffin,2003,38.9
Magoffin,2004,40.4
Magoffin,2005,46
Magoffin,2006,43.7
Magoffin,2007,43.7
Magoffin,2008,46.3
Magoffin,2009,40.1
Magoffin,2010,41.2
Magoffin,2011,41.3
Magoffin,2012,41.1
Magoffin,2013,39.5
Magoffin,2014,41
Magoffin,2015,45.1
Magoffin,2016,42.6
Magoffin,2017,39.3
Magoffin,2018,37.6
Marion,1997,23.1
Marion,1998,22.9
Marion,1999,21.9
Marion,2000,22.3
Marion,2001,19.7
Marion,2002,20.4
Marion,2003,21
Marion,2004,21.9
Marion,2005,24
Marion,2006,23.8
Marion,2007,22.9
Marion,2008,23
Marion,2009,25.3
Marion,2010,25.9
Marion,2011,27.7
Marion,2012,26.2
Marion,2013,26.2
Marion,2014,27.6
Marion,2015,27.6
Marion,2016,26.6
Marion,2017,19.9
Marion,2018,22.3
Marshall,1997,17.2
Marshall,1998,16.9
Marshall,1999,15.8
Marshall,2000,11.9
Marshall,2001,15
Marshall,2002,16.9
Marshall,2003,16.5
Marshall,2004,17
Marshall,2005,17
Marshall,2006,17.8
Marshall,2007,18.4
Marshall,2008,17.5
Marshall,2009,21.3
Marshall,2010,18.5
Marshall,2011,21.2
Marshall,2012,19.6
Marshall,2013,18.9
Marshall,2014,19.2
Marshall,2015,19.5
Marshall,2016,19.2
Marshall,2017,16.9
Marshall,2018,17.6
Martin,1997,39.7
Martin,1998,32.7
Martin,1999,35.3
Martin,2000,45.4
Martin,2001,33.6
Martin,2002,36.3
Martin,2003,37.3
Martin,2004,39.9
Martin,2005,58
Martin,2006,42.3
Martin,2007,45.5
Martin,2008,46.6
Martin,2009,48.2
Martin,2010,42.2
Martin,2011,47
Martin,2012,42.8
Martin,2013,46
Martin,2014,42.9
Martin,2015,45.3
Martin,2016,44
Martin,2017,45.9
Martin,2018,44.1
Mason,1997,26.5
Mason,1998,24.6
Mason,1999,23.4
Mason,2000,23.7
Mason,2001,22.7
Mason,2002,22.9
Mason,2003,22.9
Mason,2004,23.4
Mason,2005,25
Mason,2006,27.1
Mason,2007,28.2
Mason,2008,26.4
Mason,2009,28.6
Mason,2010,33.9
Mason,2011,30.7
Mason,2012,31.8
Mason,2013,31
Mason,2014,30.2
Mason,2015,29.3
Mason,2016,27.8
Mason,2017,26.3
Mason,2018,24.8
Meade,1997,14.4
Meade,1998,11.2
Meade,1999,15.4
Meade,2000,14.1
Meade,2001,14.1
Meade,2002,13.6
Meade,2003,15.1
Meade,2004,16.3
Meade,2005,16
Meade,2006,16.8
Meade,2007,18.4
Meade,2008,17.5
Meade,2009,18.2
Meade,2010,21.5
Meade,2011,22
Meade,2012,24.7
Meade,2013,21.4
Meade,2014,20.9
Meade,2015,20.3
Meade,2016,18
Meade,2017,15.1
Meade,2018,15.7
Menifee,1997,37.8
Menifee,1998,30.4
Menifee,1999,32.9
Menifee,2000,40.8
Menifee,2001,33.4
Menifee,2002,33.5
Menifee,2003,34.1
Menifee,2004,34.2
Menifee,2005,43
Menifee,2006,39.1
Menifee,2007,38.6
Menifee,2008,43
Menifee,2009,44.7
Menifee,2010,43.2
Menifee,2011,47.2
Menifee,2012,47.5
Menifee,2013,46
Menifee,2014,42
Menifee,2015,43.5
Menifee,2016,42.4
Menifee,2017,39.1
Menifee,2018,39.2
Mercer,1997,20.2
Mercer,1998,18.8
Mercer,1999,18.2
Mercer,2000,17.6
Mercer,2001,16.9
Mercer,2002,17
Mercer,2003,18.3
Mercer,2004,19
Mercer,2005,20
Mercer,2006,19.8
Mercer,2007,19.9
Mercer,2008,20.7
Mercer,2009,21.7
Mercer,2010,22.9
Mercer,2011,24.9
Mercer,2012,24.3
Mercer,2013,23.7
Mercer,2014,24.7
Mercer,2015,21.9
Mercer,2016,20.6
Mercer,2017,19.3
Mercer,2018,20.8
Metcalfe,1997,33.3
Metcalfe,1998,25.9
Metcalfe,1999,27.5
Metcalfe,2000,29.4
Metcalfe,2001,31.8
Metcalfe,2002,30.5
Metcalfe,2003,28.6
Metcalfe,2004,29.3
Metcalfe,2005,34
Metcalfe,2006,33.7
Metcalfe,2007,36.9
Metcalfe,2008,35
Metcalfe,2009,38.2
Metcalfe,2010,36.1
Metcalfe,2011,38.4
Metcalfe,2012,39.4
Metcalfe,2013,41.1
Metcalfe,2014,37.5
Metcalfe,2015,38.4
Metcalfe,2016,37.4
Metcalfe,2017,34.7
Metcalfe,2018,37
Monroe,1997,32.6
Monroe,1998,26.1
Monroe,1999,26.6
Monroe,2000,27.5
Monroe,2001,27.3
Monroe,2002,30.7
Monroe,2003,29.7
Monroe,2004,29.4
Monroe,2005,33
Monroe,2006,35.4
Monroe,2007,34.5
Monroe,2008,33.6
Monroe,2009,36.9
Monroe,2010,39.1
Monroe,2011,37.1
Monroe,2012,38.6
Monroe,2013,35.8
Monroe,2014,39.1
Monroe,2015,37.8
Monroe,2016,35
Monroe,2017,33.1
Monroe,2018,34.6
Montgomery,1997,24.5
Montgomery,1998,22
Montgomery,1999,20.8
Montgomery,2000,18.7
Montgomery,2001,21.1
Montgomery,2002,22.4
Montgomery,2003,20.4
Montgomery,2004,20.9
Montgomery,2005,23
Montgomery,2006,22.1
Montgomery,2007,24.8
Montgomery,2008,22.9
Montgomery,2009,27.2
Montgomery,2010,26.6
Montgomery,2011,31.6
Montgomery,2012,32.1
Montgomery,2013,26.1
Montgomery,2014,27.8
Montgomery,2015,29.9
Montgomery,2016,25.5
Montgomery,2017,22.3
Montgomery,2018,21.1
Morgan,1997,41
Morgan,1998,32.7
Morgan,1999,33.6
Morgan,2000,34.9
Morgan,2001,32.9
Morgan,2002,35
Morgan,2003,34.4
Morgan,2004,34.6
Morgan,2005,40
Morgan,2006,36
Morgan,2007,36.8
Morgan,2008,36.7
Morgan,2009,37.8
Morgan,2010,38.8
Morgan,2011,38.8
Morgan,2012,38.1
Morgan,2013,37.5
Morgan,2014,39.7
Morgan,2015,40.9
Morgan,2016,36.2
Morgan,2017,34.4
Morgan,2018,32.2
Muhlenberg,1997,25.4
Muhlenberg,1998,22.8
Muhlenberg,1999,23.3
Muhlenberg,2000,27.1
Muhlenberg,2001,23.9
Muhlenberg,2002,24.7
Muhlenberg,2003,25.4
Muhlenberg,2004,26.7
Muhlenberg,2005,28
Muhlenberg,2006,27.4
Muhlenberg,2007,26.3
Muhlenberg,2008,29.1
Muhlenberg,2009,26.5
Muhlenberg,2010,30
Muhlenberg,2011,30
Muhlenberg,2012,27.2
Muhlenberg,2013,35
Muhlenberg,2014,30
Muhlenberg,2015,26.2
Muhlenberg,2016,26.4
Muhlenberg,2017,24.9
Muhlenberg,2018,22.7
Nelson,1997,16.7
Nelson,1998,16.2
Nelson,1999,16.3
Nelson,2000,15.8
Nelson,2001,14.2
Nelson,2002,15.6
Nelson,2003,16.1
Nelson,2004,17.3
Nelson,2005,17
Nelson,2006,15.8
Nelson,2007,16.4
Nelson,2008,16.4
Nelson,2009,20.9
Nelson,2010,21.5
Nelson,2011,23
Nelson,2012,23.7
Nelson,2013,20
Nelson,2014,19
Nelson,2015,18.8
Nelson,2016,16.4
Nelson,2017,15.1
Nelson,2018,16.4
Nicholas,1997,28.1
Nicholas,1998,21.4
Nicholas,1999,20.4
Nicholas,2000,14.4
Nicholas,2001,20.4
Nicholas,2002,20.9
Nicholas,2003,20.7
Nicholas,2004,20.5
Nicholas,2005,26
Nicholas,2006,22.2
Nicholas,2007,25.9
Nicholas,2008,25
Nicholas,2009,30.3
Nicholas,2010,29.2
Nicholas,2011,30.6
Nicholas,2012,31.2
Nicholas,2013,31.5
Nicholas,2014,29.5
Nicholas,2015,34.3
Nicholas,2016,30.3
Nicholas,2017,27.6
Nicholas,2018,28.2
Ohio,1997,26.5
Ohio,1998,24
Ohio,1999,22.1
Ohio,2000,22.4
Ohio,2001,21.3
Ohio,2002,22.9
Ohio,2003,23.3
Ohio,2004,24.6
Ohio,2005,27
Ohio,2006,25.4
Ohio,2007,29.2
Ohio,2008,27.7
Ohio,2009,26.2
Ohio,2010,29.5
Ohio,2011,32.9
Ohio,2012,28.3
Ohio,2013,26.7
Ohio,2014,28.9
Ohio,2015,27.5
Ohio,2016,29.2
Ohio,2017,23.7
Ohio,2018,25
Oldham,1997,6.5
Oldham,1998,6.8
Oldham,1999,6.9
Oldham,2000,5
Oldham,2001,5.2
Oldham,2002,5.7
Oldham,2003,6.9
Oldham,2004,7.3
Oldham,2005,6
Oldham,2006,6.2
Oldham,2007,6
Oldham,2008,6.1
Oldham,2009,6.8
Oldham,2010,8.5
Oldham,2011,8
Oldham,2012,7.7
Oldham,2013,7.1
Oldham,2014,6.8
Oldham,2015,6.7
Oldham,2016,6
Oldham,2017,4.8
Oldham,2018,5.1
Owen,1997,26.4
Owen,1998,21.3
Owen,1999,21.1
Owen,2000,17.4
Owen,2001,20.5
Owen,2002,21.7
Owen,2003,20.9
Owen,2004,21.6
Owen,2005,23
Owen,2006,23.5
Owen,2007,22.2
Owen,2008,23.1
Owen,2009,24.1
Owen,2010,25.1
Owen,2011,28
Owen,2012,28.1
Owen,2013,27.6
Owen,2014,25.4
Owen,2015,25.4
Owen,2016,25
Owen,2017,20.9
Owen,2018,21.9
Owsley,1997,50
Owsley,1998,36.6
Owsley,1999,44.7
Owsley,2000,56.4
Owsley,2001,46.5
Owsley,2002,45.7
Owsley,2003,47.3
Owsley,2004,48
Owsley,2005,62
Owsley,2006,52.6
Owsley,2007,55
Owsley,2008,52.9
Owsley,2009,56.9
Owsley,2010,54.4
Owsley,2011,57
Owsley,2012,56.8
Owsley,2013,55
Owsley,2014,54.8
Owsley,2015,61.6
Owsley,2016,55.9
Owsley,2017,49.2
Owsley,2018,47.8
Pendleton,1997,19.7
Pendleton,1998,18.3
Pendleton,1999,17.3
Pendleton,2000,14.9
Pendleton,2001,15.5
Pendleton,2002,15.9
Pendleton,2003,16.9
Pendleton,2004,18.8
Pendleton,2005,21
Pendleton,2006,21.3
Pendleton,2007,20.1
Pendleton,2008,21.1
Pendleton,2009,22.2
Pendleton,2010,23
Pendleton,2011,24.6
Pendleton,2012,22.6
Pendleton,2013,23.9
Pendleton,2014,22.7
Pendleton,2015,23.5
Pendleton,2016,21.1
Pendleton,2017,21.7
Pendleton,2018,22.7
Perry,1997,36.7
Perry,1998,30.7
Perry,1999,32.6
Perry,2000,36.9
Perry,2001,31.6
Perry,2002,35.4
Perry,2003,32.8
Perry,2004,34.7
Perry,2005,40
Perry,2006,35.8
Perry,2007,47.2
Perry,2008,35.4
Perry,2009,36.4
Perry,2010,37.9
Perry,2011,32.3
Perry,2012,34.6
Perry,2013,35.2
Perry,2014,35.5
Perry,2015,37.2
Perry,2016,38.8
Perry,2017,33.4
Perry,2018,37
Pike,1997,29.6
Pike,1998,25.2
Pike,1999,27.2
Pike,2000,30.7
Pike,2001,26.2
Pike,2002,29.1
Pike,2003,29.3
Pike,2004,30.6
Pike,2005,31
Pike,2006,27.8
Pike,2007,26.6
Pike,2008,33.1
Pike,2009,31.8
Pike,2010,36.8
Pike,2011,28.4
Pike,2012,30.4
Pike,2013,29
Pike,2014,32.4
Pike,2015,32
Pike,2016,41.6
Pike,2017,35.8
Pike,2018,31.5
Powell,1997,31.1
Powell,1998,26.5
Powell,1999,29.2
Powell,2000,31.4
Powell,2001,31.6
Powell,2002,32.4
Powell,2003,32.3
Powell,2004,34
Powell,2005,36
Powell,2006,35.4
Powell,2007,39.8
Powell,2008,36.4
Powell,2009,43.5
Powell,2010,40.1
Powell,2011,41
Powell,2012,41.9
Powell,2013,40.8
Powell,2014,38.7
Powell,2015,39.3
Powell,2016,40.7
Powell,2017,35
Powell,2018,32.9
Pulaski,1997,27.6
Pulaski,1998,24.6
Pulaski,1999,24.7
Pulaski,2000,27.4
Pulaski,2001,24.1
Pulaski,2002,26
Pulaski,2003,25
Pulaski,2004,26.5
Pulaski,2005,28
Pulaski,2006,25.9
Pulaski,2007,31.6
Pulaski,2008,31.9
Pulaski,2009,28.7
Pulaski,2010,29.4
Pulaski,2011,34.7
Pulaski,2012,31.2
Pulaski,2013,33.3
Pulaski,2014,34.4
Pulaski,2015,31.7
Pulaski,2016,27.3
Pulaski,2017,29.4
Pulaski,2018,26.4
Robertson,1997,29.8
Robertson,1998,21.9
Robertson,1999,24.2
Robertson,2000,31.2
Robertson,2001,22.9
Robertson,2002,24.6
Robertson,2003,24.3
Robertson,2004,25.1
Robertson,2005,30
Robertson,2006,29
Robertson,2007,30.2
Robertson,2008,33
Robertson,2009,33.2
Robertson,2010,33.3
Robertson,2011,34.2
Robertson,2012,35.4
Robertson,2013,35.8
Robertson,2014,35
Robertson,2015,36.7
Robertson,2016,33.7
Robertson,2017,29.2
Robertson,2018,28.9
Rockcastle,1997,32.1
Rockcastle,1998,28.4
Rockcastle,1999,27.4
Rockcastle,2000,28.8
Rockcastle,2001,27.4
Rockcastle,2002,27.9
Rockcastle,2003,27.9
Rockcastle,2004,29.3
Rockcastle,2005,35
Rockcastle,2006,32.7
Rockcastle,2007,34.8
Rockcastle,2008,35.9
Rockcastle,2009,35.7
Rockcastle,2010,35.1
Rockcastle,2011,38.5
Rockcastle,2012,36.5
Rockcastle,2013,36.3
Rockcastle,2014,32.3
Rockcastle,2015,32.4
Rockcastle,2016,32.8
Rockcastle,2017,28.5
Rockcastle,2018,30.2
Rowan,1997,28.1
Rowan,1998,25.4
Rowan,1999,23.8
Rowan,2000,21.5
Rowan,2001,23.7
Rowan,2002,24.6
Rowan,2003,24.3
Rowan,2004,24.9
Rowan,2005,28
Rowan,2006,28
Rowan,2007,28.7
Rowan,2008,28.5
Rowan,2009,31.5
Rowan,2010,32.3
Rowan,2011,32.9
Rowan,2012,32.6
Rowan,2013,31.3
Rowan,2014,29.6
Rowan,2015,32.4
Rowan,2016,28.5
Rowan,2017,26.7
Rowan,2018,23.9
Russell,1997,33.3
Russell,1998,29.2
Russell,1999,29.8
Russell,2000,31
Russell,2001,29.5
Russell,2002,31.1
Russell,2003,29.7
Russell,2004,30.6
Russell,2005,34
Russell,2006,31.8
Russell,2007,32.5
Russell,2008,33
Russell,2009,36.5
Russell,2010,37.4
Russell,2011,34.9
Russell,2012,39.5
Russell,2013,37.9
Russell,2014,37.4
Russell,2015,35.8
Russell,2016,37
Russell,2017,32.1
Russell,2018,30.5
Scott,1997,16.2
Scott,1998,14.4
Scott,1999,13.8
Scott,2000,11.3
Scott,2001,12.2
Scott,2002,13.4
Scott,2003,13.9
Scott,2004,14.3
Scott,2005,13
Scott,2006,14.1
Scott,2007,13.1
Scott,2008,13.7
Scott,2009,18.8
Scott,2010,15.9
Scott,2011,17.5
Scott,2012,15.6
Scott,2013,14.4
Scott,2014,15.5
Scott,2015,18.1
Scott,2016,13.8
Scott,2017,12.7
Scott,2018,10.9
Shelby,1997,14.3
Shelby,1998,14.8
Shelby,1999,13.8
Shelby,2000,13.4
Shelby,2001,12.2
Shelby,2002,12.8
Shelby,2003,13.5
Shelby,2004,14.7
Shelby,2005,14
Shelby,2006,14.3
Shelby,2007,16.8
Shelby,2008,15.7
Shelby,2009,17
Shelby,2010,17.7
Shelby,2011,19
Shelby,2012,18.5
Shelby,2013,18.3
Shelby,2014,17.9
Shelby,2015,17.1
Shelby,2016,15.7
Shelby,2017,13.6
Shelby,2018,13.6
Simpson,1997,17.2
Simpson,1998,16.5
Simpson,1999,15.8
Simpson,2000,14.4
Simpson,2001,16.9
Simpson,2002,18.6
Simpson,2003,19.3
Simpson,2004,19
Simpson,2005,20
Simpson,2006,20
Simpson,2007,20.3
Simpson,2008,20.6
Simpson,2009,23
Simpson,2010,25.2
Simpson,2011,25.9
Simpson,2012,26.8
Simpson,2013,28.5
Simpson,2014,23.7
Simpson,2015,26.2
Simpson,2016,24.6
Simpson,2017,21.3
Simpson,2018,21.5
Spencer,1997,16.6
Spencer,1998,14.9
Spencer,1999,13.2
Spencer,2000,9.4
Spencer,2001,11.1
Spencer,2002,10.7
Spencer,2003,10.7
Spencer,2004,11.7
Spencer,2005,11
Spencer,2006,10.7
Spencer,2007,11
Spencer,2008,11.2
Spencer,2009,13.2
Spencer,2010,12.6
Spencer,2011,13.6
Spencer,2012,14
Spencer,2013,12.2
Spencer,2014,12.5
Spencer,2015,11.9
Spencer,2016,10.7
Spencer,2017,9.2
Spencer,2018,9.7
Taylor,1997,23.9
Taylor,1998,22.6
Taylor,1999,23.8
Taylor,2000,23.7
Taylor,2001,22.6
Taylor,2002,23.6
Taylor,2003,23.2
Taylor,2004,24.5
Taylor,2005,26
Taylor,2006,31.1
Taylor,2007,24.3
Taylor,2008,25.9
Taylor,2009,33.1
Taylor,2010,35
Taylor,2011,29.5
Taylor,2012,31.5
Taylor,2013,32.2
Taylor,2014,35.4
Taylor,2015,33.8
Taylor,2016,28.9
Taylor,2017,25.6
Taylor,2018,26.7
Todd,1997,25
Todd,1998,21.8
Todd,1999,21.9
Todd,2000,22.2
Todd,2001,25
Todd,2002,24.7
Todd,2003,24.8
Todd,2004,23.3
Todd,2005,25
Todd,2006,26.4
Todd,2007,27.9
Todd,2008,27.3
Todd,2009,30.7
Todd,2010,35.1
Todd,2011,33.6
Todd,2012,32.2
Todd,2013,30.3
Todd,2014,29.4
Todd,2015,28.1
Todd,2016,27.8
Todd,2017,24.6
Todd,2018,24.2
Trigg,1997,22.3
Trigg,1998,19.2
Trigg,1999,17.6
Trigg,2000,13.9
Trigg,2001,17.1
Trigg,2002,17.4
Trigg,2003,18.2
Trigg,2004,18.3
Trigg,2005,19
Trigg,2006,19.8
Trigg,2007,28.4
Trigg,2008,20.8
Trigg,2009,24.6
Trigg,2010,25.1
Trigg,2011,27.1
Trigg,2012,27.3
Trigg,2013,28.7
Trigg,2014,26.3
Trigg,2015,26.5
Trigg,2016,24.8
Trigg,2017,22.6
Trigg,2018,25
Trimble,1997,22.2
Trimble,1998,18.7
Trimble,1999,18.1
Trimble,2000,15
Trimble,2001,15.1
Trimble,2002,17.4
Trimble,2003,18.2
Trimble,2004,18.6
Trimble,2005,20
Trimble,2006,19.4
Trimble,2007,19.6
Trimble,2008,20.1
Trimble,2009,21.8
Trimble,2010,20.2
Trimble,2011,23.7
Trimble,2012,22.8
Trimble,2013,23.8
Trimble,2014,23.3
Trimble,2015,22.3
Trimble,2016,21.2
Trimble,2017,19.1
Trimble,2018,20.6
Union,1997,18
Union,1998,17.4
Union,1999,19.2
Union,2000,23.9
Union,2001,18
Union,2002,17.6
Union,2003,18.9
Union,2004,20.6
Union,2005,22
Union,2006,20.2
Union,2007,25.7
Union,2008,22.7
Union,2009,24.2
Union,2010,27
Union,2011,26.6
Union,2012,25.4
Union,2013,24.8
Union,2014,22.9
Union,2015,20.7
Union,2016,23.1
Union,2017,21.9
Union,2018,21.9
Warren,1997,20.8
Warren,1998,19.6
Warren,1999,18.5
Warren,2000,18.3
Warren,2001,17.9
Warren,2002,19.3
Warren,2003,20.3
Warren,2004,21.3
Warren,2005,19
Warren,2006,20.5
Warren,2007,23
Warren,2008,21.2
Warren,2009,22.8
Warren,2010,25.5
Warren,2011,25.1
Warren,2012,25.8
Warren,2013,22.6
Warren,2014,22.5
Warren,2015,22.9
Warren,2016,22.7
Warren,2017,19.4
Warren,2018,19.6
Washington,1997,20.2
Washington,1998,18.4
Washington,1999,18.5
Washington,2000,14.8
Washington,2001,16.3
Washington,2002,17.3
Washington,2003,18.9
Washington,2004,18.9
Washington,2005,20
Washington,2006,19.4
Washington,2007,19.7
Washington,2008,21.6
Washington,2009,23.9
Washington,2010,24.9
Washington,2011,26
Washington,2012,23.6
Washington,2013,24.4
Washington,2014,20.8
Washington,2015,23.6
Washington,2016,22.6
Washington,2017,20.4
Washington,2018,20.9
Wayne,1997,39
Wayne,1998,32.6
Wayne,1999,31.9
Wayne,2000,34.9
Wayne,2001,32.5
Wayne,2002,33.9
Wayne,2003,33.7
Wayne,2004,34
Wayne,2005,38
Wayne,2006,37.6
Wayne,2007,40
Wayne,2008,36.8
Wayne,2009,38.8
Wayne,2010,40.7
Wayne,2011,47.8
Wayne,2012,38
Wayne,2013,39.3
Wayne,2014,37.7
Wayne,2015,40.3
Wayne,2016,37.7
Wayne,2017,35.4
Wayne,2018,36
Webster,1997,21.1
Webster,1998,20.9
Webster,1999,20.1
Webster,2000,20.4
Webster,2001,19
Webster,2002,18.8
Webster,2003,19.1
Webster,2004,20.2
Webster,2005,21
Webster,2006,21.1
Webster,2007,19.1
Webster,2008,22.8
Webster,2009,22.7
Webster,2010,21.6
Webster,2011,25.9
Webster,2012,23.4
Webster,2013,24.1
Webster,2014,24.3
Webster,2015,24.9
Webster,2016,23.7
Webster,2017,20
Webster,2018,22
Whitley,1997,38.2
Whitley,1998,31.5
Whitley,1999,31.8
Whitley,2000,34.2
Whitley,2001,32.7
Whitley,2002,35.7
Whitley,2003,34.3
Whitley,2004,34.7
Whitley,2005,39
Whitley,2006,38.1
Whitley,2007,39.3
Whitley,2008,35.6
Whitley,2009,40.7
Whitley,2010,37.6
Whitley,2011,37
Whitley,2012,42.7
Whitley,2013,37.2
Whitley,2014,38.5
Whitley,2015,38.9
Whitley,2016,38.1
Whitley,2017,36.2
Whitley,2018,33.9
Wolfe,1997,46.4
Wolfe,1998,32
Wolfe,1999,44.8
Wolfe,2000,51.5
Wolfe,2001,39.4
Wolfe,2002,41.2
Wolfe,2003,41.3
Wolfe,2004,41.8
Wolfe,2005,51
Wolfe,2006,48.7
Wolfe,2007,53.4
Wolfe,2008,53.2
Wolfe,2009,51.3
Wolfe,2010,47.8
Wolfe,2011,48.6
Wolfe,2012,49.9
Wolfe,2013,51.2
Wolfe,2014,50.3
Wolfe,2015,50.4
Wolfe,2016,43.4
Wolfe,2017,43.3
Wolfe,2018,43.6
Woodford,1997,12.1
Woodford,1998,11.1
Woodford,1999,10.8
Woodford,2000,8.1
Woodford,2001,10
Woodford,2002,11
Woodford,2003,12.6
Woodford,2004,12.8
Woodford,2005,12
Woodford,2006,12.1
Woodford,2007,13.6
Woodford,2008,12.8
Woodford,2009,15.4
Woodford,2010,16.9
Woodford,2011,16.8
Woodford,2012,16.4
Woodford,2013,16.2
Woodford,2014,16.3
Woodford,2015,17
Woodford,2016,17
Woodford,2017,13.2
Woodford,2018,13.2