Location,TimeFrame,FOSTER_KIDS_PCT
Adair,2003,0.79
Adair,2006,0.76
Adair,2007,0.84
Adair,2008,0.81
Adair,2009,0.94
Adair,2010,0.96
Adair,2011,0.89
Adair,2012,0.92
Adair,2013,0.57
Adair,2014,0.79
Adair,2015,0.83
Adair,2016,0.84
Adair,2017,0.77
Adair,2018,0.64
Allen,2003,0.7
Allen,2006,0.88
Allen,2007,0.76
Allen,2008,0.8
Allen,2009,0.94
Allen,2010,0.96
Allen,2011,0.93
Allen,2012,0.88
Allen,2013,0.91
Allen,2014,0.91
Allen,2015,0.83
Allen,2016,0.83
Allen,2017,0.71
Allen,2018,0.86
Anderson,2003,0.4
Anderson,2006,0.28
Anderson,2007,0.26
Anderson,2008,0.35
Anderson,2009,0.46
Anderson,2010,0.61
Anderson,2011,0.48
Anderson,2012,0.68
Anderson,2013,0.63
Anderson,2014,0.68
Anderson,2015,0.69
Anderson,2016,0.63
Anderson,2017,0.65
Anderson,2018,0.46
Ballard,2003,0.5
Ballard,2006,0.6
Ballard,2007,0.4
Ballard,2008,0.53
Ballard,2009,0.64
Ballard,2010,0.67
Ballard,2011,0.67
Ballard,2012,0.73
Ballard,2013,0.58
Ballard,2014,S
Ballard,2015,S
Ballard,2016,0.62
Ballard,2017,0.58
Ballard,2018,0.32
Barren,2003,0.81
Barren,2006,0.8
Barren,2007,0.78
Barren,2008,0.74
Barren,2009,0.89
Barren,2010,0.9
Barren,2011,0.88
Barren,2012,0.8
Barren,2013,0.82
Barren,2014,0.79
Barren,2015,0.82
Barren,2016,0.8
Barren,2017,0.75
Barren,2018,0.67
Bath,2003,0.57
Bath,2006,0.67
Bath,2007,0.77
Bath,2008,0.65
Bath,2009,0.82
Bath,2010,0.97
Bath,2011,0.75
Bath,2012,0.77
Bath,2013,0.85
Bath,2014,0.67
Bath,2015,0.74
Bath,2016,0.76
Bath,2017,0.76
Bath,2018,0.48
Bell,2003,0.46
Bell,2006,0.5
Bell,2007,0.47
Bell,2008,0.53
Bell,2009,0.68
Bell,2010,0.63
Bell,2011,0.59
Bell,2012,0.58
Bell,2013,0.75
Bell,2014,0.81
Bell,2015,0.76
Bell,2016,0.87
Bell,2017,0.71
Bell,2018,0.74
Boone,2003,0.44
Boone,2006,0.59
Boone,2007,0.46
Boone,2008,0.61
Boone,2009,0.62
Boone,2010,0.71
Boone,2011,0.68
Boone,2012,0.58
Boone,2013,0.55
Boone,2014,0.7
Boone,2015,0.6
Boone,2016,0.65
Boone,2017,0.64
Boone,2018,0.71
Bourbon,2003,0.58
Bourbon,2006,0.41
Bourbon,2007,0.46
Bourbon,2008,0.42
Bourbon,2009,0.59
Bourbon,2010,0.73
Bourbon,2011,0.52
Bourbon,2012,0.4
Bourbon,2013,0.6
Bourbon,2014,0.38
Bourbon,2015,0.66
Bourbon,2016,0.63
Bourbon,2017,0.64
Bourbon,2018,0.31
Boyd,2003,0.72
Boyd,2006,0.7
Boyd,2007,0.69
Boyd,2008,0.67
Boyd,2009,0.62
Boyd,2010,0.71
Boyd,2011,0.71
Boyd,2012,0.69
Boyd,2013,0.74
Boyd,2014,0.81
Boyd,2015,0.83
Boyd,2016,0.76
Boyd,2017,0.68
Boyd,2018,0.57
Boyle,2003,0.42
Boyle,2006,0.46
Boyle,2007,0.37
Boyle,2008,0.58
Boyle,2009,0.77
Boyle,2010,0.75
Boyle,2011,0.7
Boyle,2012,0.69
Boyle,2013,0.7
Boyle,2014,0.79
Boyle,2015,0.8
Boyle,2016,0.78
Boyle,2017,0.71
Boyle,2018,0.71
Bracken,2003,0.9
Bracken,2006,0.88
Bracken,2007,0.82
Bracken,2008,0.91
Bracken,2009,0.83
Bracken,2010,0.75
Bracken,2011,0.92
Bracken,2012,0.93
Bracken,2013,0.82
Bracken,2014,0.94
Bracken,2015,0.94
Bracken,2016,0.82
Bracken,2017,0.81
Bracken,2018,0.39
Breathitt,2003,0.81
Breathitt,2006,0.85
Breathitt,2007,0.71
Breathitt,2008,0.63
Breathitt,2009,0.89
Breathitt,2010,0.96
Breathitt,2011,0.89
Breathitt,2012,0.9
Breathitt,2013,0.87
Breathitt,2014,0.87
Breathitt,2015,0.84
Breathitt,2016,0.8
Breathitt,2017,0.85
Breathitt,2018,0.77
Breckinridge,2003,0.56
Breckinridge,2006,0.5
Breckinridge,2007,0.6
Breckinridge,2008,0.62
Breckinridge,2009,0.62
Breckinridge,2010,0.77
Breckinridge,2011,0.51
Breckinridge,2012,0.44
Breckinridge,2013,0.49
Breckinridge,2014,0.52
Breckinridge,2015,0.55
Breckinridge,2016,0.48
Breckinridge,2017,0.51
Breckinridge,2018,0.44
Bullitt,2003,0.61
Bullitt,2006,0.44
Bullitt,2007,0.53
Bullitt,2008,0.65
Bullitt,2009,0.72
Bullitt,2010,0.75
Bullitt,2011,0.64
Bullitt,2012,0.64
Bullitt,2013,0.68
Bullitt,2014,0.67
Bullitt,2015,0.6
Bullitt,2016,0.56
Bullitt,2017,0.55
Bullitt,2018,0.57
Butler,2003,0.83
Butler,2006,0.9
Butler,2007,0.84
Butler,2008,0.77
Butler,2009,0.97
Butler,2010,0.84
Butler,2011,0.88
Butler,2012,0.82
Butler,2013,0.83
Butler,2014,0.79
Butler,2015,0.73
Butler,2016,0.64
Butler,2017,0.63
Butler,2018,0.49
Caldwell,2003,0.56
Caldwell,2006,0.64
Caldwell,2007,0.88
Caldwell,2008,0.67
Caldwell,2009,0.64
Caldwell,2010,0.8
Caldwell,2011,0.75
Caldwell,2012,1
Caldwell,2013,0.83
Caldwell,2014,S
Caldwell,2015,S
Caldwell,2016,S
Caldwell,2017,0.57
Caldwell,2018,0.31
Calloway,2003,0.61
Calloway,2006,0.56
Calloway,2007,0.53
Calloway,2008,0.68
Calloway,2009,0.66
Calloway,2010,0.64
Calloway,2011,0.53
Calloway,2012,0.55
Calloway,2013,0.58
Calloway,2014,0.71
Calloway,2015,0.68
Calloway,2016,0.73
Calloway,2017,0.77
Calloway,2018,0.6
Campbell,2003,0.85
Campbell,2006,0.8
Campbell,2007,0.76
Campbell,2008,0.85
Campbell,2009,0.86
Campbell,2010,0.88
Campbell,2011,0.87
Campbell,2012,0.84
Campbell,2013,0.81
Campbell,2014,0.83
Campbell,2015,0.83
Campbell,2016,0.82
Campbell,2017,0.76
Campbell,2018,0.41
Carlisle,2003,1
Carlisle,2006,0.33
Carlisle,2007,0
Carlisle,2008,0.71
Carlisle,2009,0.27
Carlisle,2010,0.85
Carlisle,2011,0
Carlisle,2012,**
Carlisle,2013,**
Carlisle,2014,S
Carlisle,2015,S
Carlisle,2016,0.86
Carlisle,2017,0.61
Carlisle,2018,0.3
Carroll,2003,0.5
Carroll,2006,0.68
Carroll,2007,0.61
Carroll,2008,0.63
Carroll,2009,0.91
Carroll,2010,0.92
Carroll,2011,0.52
Carroll,2012,0.71
Carroll,2013,0.73
Carroll,2014,0.75
Carroll,2015,0.78
Carroll,2016,0.62
Carroll,2017,0.75
Carroll,2018,0.48
Carter,2003,0.75
Carter,2006,0.42
Carter,2007,0.76
Carter,2008,0.85
Carter,2009,0.91
Carter,2010,0.88
Carter,2011,0.86
Carter,2012,0.73
Carter,2013,0.74
Carter,2014,0.75
Carter,2015,0.86
Carter,2016,0.81
Carter,2017,0.76
Carter,2018,0.72
Casey,2003,0.44
Casey,2006,0.58
Casey,2007,0.8
Casey,2008,0.56
Casey,2009,0.62
Casey,2010,0.93
Casey,2011,0.78
Casey,2012,0.86
Casey,2013,0.69
Casey,2014,0.76
Casey,2015,0.75
Casey,2016,0.76
Casey,2017,0.71
Casey,2018,0.59
Christian,2003,0.7
Christian,2006,0.65
Christian,2007,0.49
Christian,2008,0.65
Christian,2009,0.64
Christian,2010,0.67
Christian,2011,0.73
Christian,2012,0.66
Christian,2013,0.64
Christian,2014,0.63
Christian,2015,0.67
Christian,2016,0.59
Christian,2017,0.57
Christian,2018,0.49
Clark,2003,0.66
Clark,2006,0.78
Clark,2007,0.73
Clark,2008,0.76
Clark,2009,0.72
Clark,2010,0.82
Clark,2011,0.88
Clark,2012,0.89
Clark,2013,0.87
Clark,2014,0.73
Clark,2015,0.74
Clark,2016,0.82
Clark,2017,0.73
Clark,2018,0.6
Clay,2003,0.6
Clay,2006,0.73
Clay,2007,0.65
Clay,2008,0.74
Clay,2009,0.79
Clay,2010,0.83
Clay,2011,0.88
Clay,2012,0.83
Clay,2013,0.91
Clay,2014,0.82
Clay,2015,0.79
Clay,2016,0.8
Clay,2017,0.77
Clay,2018,0.68
Clinton,2003,0.82
Clinton,2006,0.9
Clinton,2007,0.7
Clinton,2008,0.9
Clinton,2009,0.89
Clinton,2010,0.88
Clinton,2011,0.84
Clinton,2012,0.74
Clinton,2013,0.83
Clinton,2014,0.77
Clinton,2015,0.73
Clinton,2016,0.74
Clinton,2017,0.61
Clinton,2018,0.38
Crittenden,2003,0.56
Crittenden,2006,0.67
Crittenden,2007,0.79
Crittenden,2008,0.42
Crittenden,2009,0.53
Crittenden,2010,0.7
Crittenden,2011,0.56
Crittenden,2012,0.67
Crittenden,2013,0.39
Crittenden,2014,0.45
Crittenden,2015,0.52
Crittenden,2016,0.63
Crittenden,2017,0.59
Crittenden,2018,0.29
Cumberland,2003,1
Cumberland,2006,1
Cumberland,2007,0.83
Cumberland,2008,**
Cumberland,2009,0
Cumberland,2010,0.4
Cumberland,2011,0.6
Cumberland,2012,0.67
Cumberland,2013,1
Cumberland,2014,S
Cumberland,2015,S
Cumberland,2016,0.6
Cumberland,2017,0.75
Cumberland,2018,0.63
Daviess,2003,0.71
Daviess,2006,0.77
Daviess,2007,0.76
Daviess,2008,0.77
Daviess,2009,0.85
Daviess,2010,0.89
Daviess,2011,0.8
Daviess,2012,0.78
Daviess,2013,0.78
Daviess,2014,0.76
Daviess,2015,0.75
Daviess,2016,0.7
Daviess,2017,0.7
Daviess,2018,0.56
Edmonson,2003,0.86
Edmonson,2006,0.59
Edmonson,2007,0.5
Edmonson,2008,0.82
Edmonson,2009,0.73
Edmonson,2010,0.76
Edmonson,2011,0.87
Edmonson,2012,0.82
Edmonson,2013,0.68
Edmonson,2014,0.68
Edmonson,2015,0.54
Edmonson,2016,0.59
Edmonson,2017,0.55
Edmonson,2018,0.59
Elliott,2003,0.86
Elliott,2006,0.76
Elliott,2007,0.63
Elliott,2008,0.75
Elliott,2009,0.9
Elliott,2010,0.86
Elliott,2011,0.95
Elliott,2012,0.84
Elliott,2013,0.81
Elliott,2014,0.9
Elliott,2015,0.95
Elliott,2016,0.95
Elliott,2017,0.98
Elliott,2018,0.83
Estill,2003,0.6
Estill,2006,0.66
Estill,2007,0.48
Estill,2008,0.56
Estill,2009,0.64
Estill,2010,0.8
Estill,2011,0.86
Estill,2012,0.96
Estill,2013,0.83
Estill,2014,0.91
Estill,2015,0.93
Estill,2016,0.87
Estill,2017,0.75
Estill,2018,0.5
Fayette,2003,0.62
Fayette,2006,0.7
Fayette,2007,0.72
Fayette,2008,0.72
Fayette,2009,0.76
Fayette,2010,0.8
Fayette,2011,0.77
Fayette,2012,0.76
Fayette,2013,0.76
Fayette,2014,0.75
Fayette,2015,0.77
Fayette,2016,0.77
Fayette,2017,0.71
Fayette,2018,0.66
Fleming,2003,0.85
Fleming,2006,0.74
Fleming,2007,0.82
Fleming,2008,0.87
Fleming,2009,0.86
Fleming,2010,0.93
Fleming,2011,0.93
Fleming,2012,0.9
Fleming,2013,0.99
Fleming,2014,0.91
Fleming,2015,0.9
Fleming,2016,0.82
Fleming,2017,0.77
Fleming,2018,0.5
Floyd,2003,0.76
Floyd,2006,0.86
Floyd,2007,0.8
Floyd,2008,0.81
Floyd,2009,0.87
Floyd,2010,0.77
Floyd,2011,0.88
Floyd,2012,0.91
Floyd,2013,0.78
Floyd,2014,0.84
Floyd,2015,0.85
Floyd,2016,0.79
Floyd,2017,0.7
Floyd,2018,0.78
Franklin,2003,0.51
Franklin,2006,0.45
Franklin,2007,0.49
Franklin,2008,0.66
Franklin,2009,0.58
Franklin,2010,0.59
Franklin,2011,0.52
Franklin,2012,0.49
Franklin,2013,0.59
Franklin,2014,0.58
Franklin,2015,0.58
Franklin,2016,0.54
Franklin,2017,0.54
Franklin,2018,0.56
Fulton,2003,0.64
Fulton,2006,0.64
Fulton,2007,0.57
Fulton,2008,0.64
Fulton,2009,0.75
Fulton,2010,0.71
Fulton,2011,0.55
Fulton,2012,0.53
Fulton,2013,0.53
Fulton,2014,S
Fulton,2015,S
Fulton,2016,0.83
Fulton,2017,0.24
Fulton,2018,0.58
Gallatin,2003,0.43
Gallatin,2006,0.48
Gallatin,2007,0.63
Gallatin,2008,0.81
Gallatin,2009,0.25
Gallatin,2010,0.95
Gallatin,2011,1
Gallatin,2012,0.77
Gallatin,2013,0.88
Gallatin,2014,S
Gallatin,2015,0.67
Gallatin,2016,0.88
Gallatin,2017,0.65
Gallatin,2018,0.32
Garrard,2003,0.44
Garrard,2006,0.59
Garrard,2007,0.49
Garrard,2008,0.7
Garrard,2009,0.71
Garrard,2010,0.72
Garrard,2011,0.57
Garrard,2012,0.81
Garrard,2013,0.68
Garrard,2014,0.83
Garrard,2015,0.9
Garrard,2016,0.85
Garrard,2017,0.8
Garrard,2018,0.67
Grant,2003,0.56
Grant,2006,0.72
Grant,2007,0.63
Grant,2008,0.53
Grant,2009,0.56
Grant,2010,0.65
Grant,2011,0.73
Grant,2012,0.63
Grant,2013,0.67
Grant,2014,0.62
Grant,2015,0.6
Grant,2016,0.59
Grant,2017,0.6
Grant,2018,0.57
Graves,2003,0.74
Graves,2006,0.62
Graves,2007,0.68
Graves,2008,0.74
Graves,2009,0.79
Graves,2010,0.87
Graves,2011,0.89
Graves,2012,0.81
Graves,2013,0.76
Graves,2014,0.83
Graves,2015,0.8
Graves,2016,0.73
Graves,2017,0.63
Graves,2018,0.52
Grayson,2003,0.52
Grayson,2006,0.68
Grayson,2007,0.65
Grayson,2008,0.5
Grayson,2009,0.56
Grayson,2010,0.68
Grayson,2011,0.76
Grayson,2012,0.64
Grayson,2013,0.59
Grayson,2014,0.65
Grayson,2015,0.61
Grayson,2016,0.57
Grayson,2017,0.58
Grayson,2018,0.51
Green,2003,0.95
Green,2006,0.95
Green,2007,0.89
Green,2008,0.53
Green,2009,0.78
Green,2010,0.87
Green,2011,0.69
Green,2012,0.76
Green,2013,0.74
Green,2014,0.93
Green,2015,0.73
Green,2016,0.88
Green,2017,0.68
Green,2018,0.79
Greenup,2003,0.55
Greenup,2006,0.55
Greenup,2007,0.6
Greenup,2008,0.41
Greenup,2009,0.49
Greenup,2010,0.8
Greenup,2011,0.66
Greenup,2012,0.66
Greenup,2013,0.74
Greenup,2014,0.64
Greenup,2015,0.63
Greenup,2016,0.77
Greenup,2017,0.7
Greenup,2018,0.7
Hancock,2003,0.63
Hancock,2006,0.45
Hancock,2007,0.6
Hancock,2008,0.25
Hancock,2009,0.75
Hancock,2010,0.75
Hancock,2011,0.62
Hancock,2012,0.4
Hancock,2013,0.38
Hancock,2014,S
Hancock,2015,0.4
Hancock,2016,0.64
Hancock,2017,0.38
Hancock,2018,0.88
Hardin,2003,0.71
Hardin,2006,0.74
Hardin,2007,0.64
Hardin,2008,0.69
Hardin,2009,0.76
Hardin,2010,0.79
Hardin,2011,0.75
Hardin,2012,0.74
Hardin,2013,0.77
Hardin,2014,0.76
Hardin,2015,0.74
Hardin,2016,0.72
Hardin,2017,0.65
Hardin,2018,0.63
Harlan,2003,0.51
Harlan,2006,0.41
Harlan,2007,0.42
Harlan,2008,0.58
Harlan,2009,0.62
Harlan,2010,0.58
Harlan,2011,0.68
Harlan,2012,0.33
Harlan,2013,0.48
Harlan,2014,0.86
Harlan,2015,0.74
Harlan,2016,0.69
Harlan,2017,0.89
Harlan,2018,0.74
Harrison,2003,0.58
Harrison,2006,0.28
Harrison,2007,0.27
Harrison,2008,0.67
Harrison,2009,0.58
Harrison,2010,0.58
Harrison,2011,0.54
Harrison,2012,0.63
Harrison,2013,0.75
Harrison,2014,0.79
Harrison,2015,0.68
Harrison,2016,0.69
Harrison,2017,0.77
Harrison,2018,0.66
Hart,2003,0.93
Hart,2006,0.92
Hart,2007,0.83
Hart,2008,0.78
Hart,2009,0.84
Hart,2010,0.86
Hart,2011,0.7
Hart,2012,0.78
Hart,2013,0.76
Hart,2014,0.75
Hart,2015,0.67
Hart,2016,0.64
Hart,2017,0.64
Hart,2018,0.61
Henderson,2003,0.63
Henderson,2006,0.7
Henderson,2007,0.69
Henderson,2008,0.73
Henderson,2009,0.76
Henderson,2010,0.83
Henderson,2011,0.73
Henderson,2012,0.85
Henderson,2013,0.86
Henderson,2014,0.8
Henderson,2015,0.71
Henderson,2016,0.76
Henderson,2017,0.67
Henderson,2018,0.55
Henry,2003,0.4
Henry,2006,0.48
Henry,2007,0.58
Henry,2008,0.73
Henry,2009,0.52
Henry,2010,0.55
Henry,2011,0.36
Henry,2012,0.38
Henry,2013,0.35
Henry,2014,0.33
Henry,2015,0.48
Henry,2016,0.44
Henry,2017,0.46
Henry,2018,0.62
Hickman,2003,0.38
Hickman,2006,0.5
Hickman,2007,0.63
Hickman,2008,0.82
Hickman,2009,**
Hickman,2010,**
Hickman,2011,**
Hickman,2012,**
Hickman,2013,**
Hickman,2014,0
Hickman,2015,0
Hickman,2016,S
Hickman,2017,0
Hickman,2018,S
Hopkins,2003,0.7
Hopkins,2006,0.44
Hopkins,2007,0.45
Hopkins,2008,0.54
Hopkins,2009,0.67
Hopkins,2010,0.59
Hopkins,2011,0.52
Hopkins,2012,0.64
Hopkins,2013,0.59
Hopkins,2014,0.7
Hopkins,2015,0.6
Hopkins,2016,0.57
Hopkins,2017,0.67
Hopkins,2018,0.55
Jackson,2003,0.38
Jackson,2006,0.63
Jackson,2007,0.62
Jackson,2008,0.63
Jackson,2009,0.68
Jackson,2010,0.65
Jackson,2011,0.47
Jackson,2012,0.55
Jackson,2013,0.8
Jackson,2014,0.73
Jackson,2015,0.68
Jackson,2016,0.63
Jackson,2017,0.57
Jackson,2018,0.55
Jefferson,2003,0.7
Jefferson,2006,0.72
Jefferson,2007,0.73
Jefferson,2008,0.77
Jefferson,2009,0.81
Jefferson,2010,0.86
Jefferson,2011,0.84
Jefferson,2012,0.81
Jefferson,2013,0.78
Jefferson,2014,0.73
Jefferson,2015,0.74
Jefferson,2016,0.71
Jefferson,2017,0.69
Jefferson,2018,0.61
Jessamine,2003,0.74
Jessamine,2006,0.65
Jessamine,2007,0.52
Jessamine,2008,0.67
Jessamine,2009,0.73
Jessamine,2010,0.87
Jessamine,2011,0.79
Jessamine,2012,0.77
Jessamine,2013,0.78
Jessamine,2014,0.78
Jessamine,2015,0.77
Jessamine,2016,0.84
Jessamine,2017,0.72
Jessamine,2018,0.6
Johnson,2003,0.69
Johnson,2006,0.82
Johnson,2007,0.59
Johnson,2008,0.82
Johnson,2009,0.82
Johnson,2010,0.89
Johnson,2011,0.9
Johnson,2012,0.92
Johnson,2013,0.93
Johnson,2014,0.92
Johnson,2015,0.93
Johnson,2016,0.91
Johnson,2017,0.84
Johnson,2018,0.76
Kenton,2003,0.53
Kenton,2006,0.67
Kenton,2007,0.59
Kenton,2008,0.66
Kenton,2009,0.67
Kenton,2010,0.81
Kenton,2011,0.71
Kenton,2012,0.63
Kenton,2013,0.69
Kenton,2014,0.63
Kenton,2015,0.63
Kenton,2016,0.64
Kenton,2017,0.58
Kenton,2018,0.52
Knott,2003,0.71
Knott,2006,0.73
Knott,2007,0.67
Knott,2008,0.69
Knott,2009,0.62
Knott,2010,0.71
Knott,2011,0.92
Knott,2012,0.93
Knott,2013,0.97
Knott,2014,0.96
Knott,2015,0.92
Knott,2016,0.88
Knott,2017,0.46
Knott,2018,0.59
Knox,2003,0.48
Knox,2006,0.56
Knox,2007,0.58
Knox,2008,0.55
Knox,2009,0.45
Knox,2010,0.56
Knox,2011,0.29
Knox,2012,0.45
Knox,2013,0.68
Knox,2014,0.6
Knox,2015,0.68
Knox,2016,0.72
Knox,2017,0.67
Knox,2018,0.56
Larue,2003,0.82
Larue,2006,0.76
Larue,2007,0.63
Larue,2008,0.68
Larue,2009,0.86
Larue,2010,0.91
Larue,2011,0.83
Larue,2012,0.87
Larue,2013,0.79
Larue,2014,0.6
Larue,2015,0.63
Larue,2016,0.64
Larue,2017,0.7
Larue,2018,0.49
Laurel,2003,0.55
Laurel,2006,0.59
Laurel,2007,0.56
Laurel,2008,0.54
Laurel,2009,0.55
Laurel,2010,0.42
Laurel,2011,0.62
Laurel,2012,0.69
Laurel,2013,0.67
Laurel,2014,0.56
Laurel,2015,0.64
Laurel,2016,0.65
Laurel,2017,0.61
Laurel,2018,0.63
Lawrence,2003,0.65
Lawrence,2006,0.7
Lawrence,2007,0.71
Lawrence,2008,0.65
Lawrence,2009,0.69
Lawrence,2010,0.85
Lawrence,2011,0.7
Lawrence,2012,0.88
Lawrence,2013,0.85
Lawrence,2014,0.88
Lawrence,2015,0.73
Lawrence,2016,0.74
Lawrence,2017,0.71
Lawrence,2018,0.7
Lee,2003,0.3
Lee,2006,0.56
Lee,2007,0.35
Lee,2008,0.33
Lee,2009,0.8
Lee,2010,0.8
Lee,2011,0.53
Lee,2012,0.8
Lee,2013,0.5
Lee,2014,0.75
Lee,2015,0.5
Lee,2016,S
Lee,2017,0.94
Lee,2018,0.77
Leslie,2003,0.34
Leslie,2006,0.44
Leslie,2007,0.41
Leslie,2008,0.67
Leslie,2009,0.71
Leslie,2010,0.76
Leslie,2011,0.68
Leslie,2012,0.87
Leslie,2013,0.71
Leslie,2014,0.83
Leslie,2015,0.73
Leslie,2016,0.76
Leslie,2017,0.82
Leslie,2018,0.6
Letcher,2003,0.92
Letcher,2006,0.78
Letcher,2007,0.89
Letcher,2008,0.91
Letcher,2009,0.93
Letcher,2010,0.94
Letcher,2011,0.85
Letcher,2012,0.93
Letcher,2013,0.91
Letcher,2014,0.8
Letcher,2015,0.78
Letcher,2016,0.83
Letcher,2017,0.79
Letcher,2018,0.87
Lewis,2003,0.78
Lewis,2006,0.75
Lewis,2007,0.63
Lewis,2008,0.37
Lewis,2009,0.44
Lewis,2010,0.61
Lewis,2011,0.55
Lewis,2012,0.73
Lewis,2013,0.38
Lewis,2014,S
Lewis,2015,S
Lewis,2016,0.8
Lewis,2017,0.86
Lewis,2018,0.74
Lincoln,2003,0.42
Lincoln,2006,0.61
Lincoln,2007,0.61
Lincoln,2008,0.75
Lincoln,2009,0.7
Lincoln,2010,0.61
Lincoln,2011,0.52
Lincoln,2012,0.72
Lincoln,2013,0.81
Lincoln,2014,0.63
Lincoln,2015,0.74
Lincoln,2016,0.81
Lincoln,2017,0.7
Lincoln,2018,0.54
Livingston,2003,0.55
Livingston,2006,0.33
Livingston,2007,0.62
Livingston,2008,0.1
Livingston,2009,0.33
Livingston,2010,0.83
Livingston,2011,0.5
Livingston,2012,0.56
Livingston,2013,0.44
Livingston,2014,S
Livingston,2015,0
Livingston,2016,S
Livingston,2017,0.47
Livingston,2018,0.41
Logan,2003,0.85
Logan,2006,0.69
Logan,2007,0.72
Logan,2008,0.84
Logan,2009,0.81
Logan,2010,0.81
Logan,2011,0.78
Logan,2012,0.89
Logan,2013,0.89
Logan,2014,0.91
Logan,2015,0.85
Logan,2016,0.79
Logan,2017,0.69
Logan,2018,0.67
Lyon,2003,0.5
Lyon,2006,0.56
Lyon,2007,0.67
Lyon,2008,0.46
Lyon,2009,0.46
Lyon,2010,0.63
Lyon,2011,0.63
Lyon,2012,0.46
Lyon,2013,0.48
Lyon,2014,0.38
Lyon,2015,0.41
Lyon,2016,0.44
Lyon,2017,0.41
Lyon,2018,0.36
McCracken,2003,0.64
McCracken,2006,0.59
McCracken,2007,0.65
McCracken,2008,0.69
McCracken,2009,0.7
McCracken,2010,0.81
McCracken,2011,0.61
McCracken,2012,0.68
McCracken,2013,0.64
McCracken,2014,0.56
McCracken,2015,0.62
McCracken,2016,0.57
McCracken,2017,0.52
McCracken,2018,0.54
McCreary,2003,0.54
McCreary,2006,0.52
McCreary,2007,0.51
McCreary,2008,0.55
McCreary,2009,0.54
McCreary,2010,0.67
McCreary,2011,0.64
McCreary,2012,0.69
McCreary,2013,0.6
McCreary,2014,0.59
McCreary,2015,0.52
McCreary,2016,0.45
McCreary,2017,0.54
McCreary,2018,0.62
McLean,2003,0.55
McLean,2006,0.85
McLean,2007,0.42
McLean,2008,0.67
McLean,2009,0.75
McLean,2010,0.64
McLean,2011,0.8
McLean,2012,0.7
McLean,2013,0.5
McLean,2014,0.7
McLean,2015,S
McLean,2016,0.63
McLean,2017,0.79
McLean,2018,0.43
Madison,2003,0.66
Madison,2006,0.58
Madison,2007,0.59
Madison,2008,0.64
Madison,2009,0.75
Madison,2010,0.75
Madison,2011,0.74
Madison,2012,0.79
Madison,2013,0.78
Madison,2014,0.79
Madison,2015,0.79
Madison,2016,0.75
Madison,2017,0.73
Madison,2018,0.65
Magoffin,2003,0.88
Magoffin,2006,0.91
Magoffin,2007,0.8
Magoffin,2008,0.75
Magoffin,2009,0.75
Magoffin,2010,0.77
Magoffin,2011,0.82
Magoffin,2012,0.89
Magoffin,2013,0.8
Magoffin,2014,0.83
Magoffin,2015,0.74
Magoffin,2016,0.87
Magoffin,2017,0.89
Magoffin,2018,0.91
Marion,2003,0.92
Marion,2006,0.75
Marion,2007,0.75
Marion,2008,0.72
Marion,2009,0.81
Marion,2010,0.89
Marion,2011,0.85
Marion,2012,0.67
Marion,2013,0.62
Marion,2014,0.75
Marion,2015,0.8
Marion,2016,0.74
Marion,2017,0.72
Marion,2018,0.87
Marshall,2003,0.66
Marshall,2006,0.72
Marshall,2007,0.77
Marshall,2008,0.71
Marshall,2009,0.68
Marshall,2010,0.72
Marshall,2011,0.64
Marshall,2012,0.76
Marshall,2013,0.72
Marshall,2014,0.63
Marshall,2015,0.59
Marshall,2016,0.62
Marshall,2017,0.42
Marshall,2018,0.48
Martin,2003,0.87
Martin,2006,0.83
Martin,2007,0.88
Martin,2008,0.9
Martin,2009,0.88
Martin,2010,0.83
Martin,2011,0.84
Martin,2012,0.76
Martin,2013,0.73
Martin,2014,0.75
Martin,2015,0.73
Martin,2016,0.67
Martin,2017,0.6
Martin,2018,0.71
Mason,2003,0.62
Mason,2006,0.78
Mason,2007,0.74
Mason,2008,0.71
Mason,2009,0.75
Mason,2010,0.91
Mason,2011,0.75
Mason,2012,0.87
Mason,2013,0.91
Mason,2014,0.84
Mason,2015,0.75
Mason,2016,0.85
Mason,2017,0.71
Mason,2018,0.6
Meade,2003,0.68
Meade,2006,0.65
Meade,2007,0.56
Meade,2008,0.61
Meade,2009,0.65
Meade,2010,0.72
Meade,2011,0.59
Meade,2012,0.69
Meade,2013,0.7
Meade,2014,0.64
Meade,2015,0.63
Meade,2016,0.62
Meade,2017,0.49
Meade,2018,0.46
Menifee,2003,0.96
Menifee,2006,1
Menifee,2007,0.81
Menifee,2008,0.86
Menifee,2009,0.92
Menifee,2010,0.72
Menifee,2011,0.78
Menifee,2012,1
Menifee,2013,0.88
Menifee,2014,0.92
Menifee,2015,0.76
Menifee,2016,0.62
Menifee,2017,0.59
Menifee,2018,0.5
Mercer,2003,0.6
Mercer,2006,0.49
Mercer,2007,0.56
Mercer,2008,0.64
Mercer,2009,0.63
Mercer,2010,0.55
Mercer,2011,0.53
Mercer,2012,0.6
Mercer,2013,0.48
Mercer,2014,0.59
Mercer,2015,0.59
Mercer,2016,0.65
Mercer,2017,0.49
Mercer,2018,0.72
Metcalfe,2003,1
Metcalfe,2006,0.84
Metcalfe,2007,0.93
Metcalfe,2008,0.87
Metcalfe,2009,0.6
Metcalfe,2010,0.96
Metcalfe,2011,0.82
Metcalfe,2012,0.96
Metcalfe,2013,0.92
Metcalfe,2014,0.92
Metcalfe,2015,0.85
Metcalfe,2016,0.73
Metcalfe,2017,0.78
Metcalfe,2018,0.7
Monroe,2003,0.9
Monroe,2006,0.93
Monroe,2007,0.85
Monroe,2008,0.91
Monroe,2009,0.9
Monroe,2010,0.85
Monroe,2011,0.9
Monroe,2012,0.77
Monroe,2013,0.75
Monroe,2014,1
Monroe,2015,0.95
Monroe,2016,1
Monroe,2017,0.97
Monroe,2018,0.83
Montgomery,2003,0.77
Montgomery,2006,0.74
Montgomery,2007,0.81
Montgomery,2008,0.81
Montgomery,2009,0.88
Montgomery,2010,0.88
Montgomery,2011,0.79
Montgomery,2012,0.73
Montgomery,2013,0.76
Montgomery,2014,0.78
Montgomery,2015,0.68
Montgomery,2016,0.72
Montgomery,2017,0.83
Montgomery,2018,0.62
Morgan,2003,0.97
Morgan,2006,0.7
Morgan,2007,0.74
Morgan,2008,0.71
Morgan,2009,0.77
Morgan,2010,0.9
Morgan,2011,0.25
Morgan,2012,0.38
Morgan,2013,0.25
Morgan,2014,0.74
Morgan,2015,0.83
Morgan,2016,0.87
Morgan,2017,0.87
Morgan,2018,0.62
Muhlenberg,2003,0.61
Muhlenberg,2006,0.86
Muhlenberg,2007,0.73
Muhlenberg,2008,0.85
Muhlenberg,2009,0.93
Muhlenberg,2010,0.82
Muhlenberg,2011,0.69
Muhlenberg,2012,0.58
Muhlenberg,2013,0.92
Muhlenberg,2014,0.81
Muhlenberg,2015,0.63
Muhlenberg,2016,0.71
Muhlenberg,2017,0.49
Muhlenberg,2018,0.53
Nelson,2003,0.87
Nelson,2006,0.85
Nelson,2007,0.58
Nelson,2008,0.67
Nelson,2009,0.65
Nelson,2010,0.82
Nelson,2011,0.75
Nelson,2012,0.79
Nelson,2013,0.84
Nelson,2014,0.74
Nelson,2015,0.66
Nelson,2016,0.59
Nelson,2017,0.63
Nelson,2018,0.77
Nicholas,2003,0.6
Nicholas,2006,0.25
Nicholas,2007,0.2
Nicholas,2008,0.25
Nicholas,2009,0.5
Nicholas,2010,0.67
Nicholas,2011,0.5
Nicholas,2012,0.86
Nicholas,2013,0.85
Nicholas,2014,0.4
Nicholas,2015,0.68
Nicholas,2016,0.7
Nicholas,2017,0.72
Nicholas,2018,S
Ohio,2003,0.67
Ohio,2006,0.72
Ohio,2007,0.72
Ohio,2008,0.75
Ohio,2009,0.85
Ohio,2010,0.81
Ohio,2011,0.72
Ohio,2012,0.66
Ohio,2013,0.74
Ohio,2014,0.67
Ohio,2015,0.66
Ohio,2016,0.63
Ohio,2017,0.56
Ohio,2018,0.55
Oldham,2003,0.37
Oldham,2006,0.26
Oldham,2007,0.36
Oldham,2008,0.31
Oldham,2009,0.49
Oldham,2010,0.65
Oldham,2011,0.69
Oldham,2012,0.76
Oldham,2013,0.72
Oldham,2014,0.65
Oldham,2015,0.66
Oldham,2016,0.62
Oldham,2017,0.5
Oldham,2018,0.48
Owen,2003,0.64
Owen,2006,0.87
Owen,2007,0.33
Owen,2008,0.43
Owen,2009,1
Owen,2010,0.83
Owen,2011,0.62
Owen,2012,0.69
Owen,2013,0.54
Owen,2014,0.55
Owen,2015,0.62
Owen,2016,0.55
Owen,2017,0.52
Owen,2018,0.5
Owsley,2003,0
Owsley,2006,0.31
Owsley,2007,0.42
Owsley,2008,0.49
Owsley,2009,0.53
Owsley,2010,0.54
Owsley,2011,0.77
Owsley,2012,0.58
Owsley,2013,0.54
Owsley,2014,0.47
Owsley,2015,0.68
Owsley,2016,0.73
Owsley,2017,0.74
Owsley,2018,0.65
Pendleton,2003,0.49
Pendleton,2006,0.55
Pendleton,2007,0.17
Pendleton,2008,0.12
Pendleton,2009,0.45
Pendleton,2010,0.38
Pendleton,2011,0.44
Pendleton,2012,0.56
Pendleton,2013,0.69
Pendleton,2014,0.45
Pendleton,2015,0.48
Pendleton,2016,0.64
Pendleton,2017,0.47
Pendleton,2018,0.52
Perry,2003,0.71
Perry,2006,0.78
Perry,2007,0.7
Perry,2008,0.77
Perry,2009,0.78
Perry,2010,0.84
Perry,2011,0.82
Perry,2012,0.87
Perry,2013,0.88
Perry,2014,0.85
Perry,2015,0.8
Perry,2016,0.85
Perry,2017,0.84
Perry,2018,0.73
Pike,2003,0.91
Pike,2006,0.74
Pike,2007,0.83
Pike,2008,0.83
Pike,2009,0.76
Pike,2010,0.86
Pike,2011,0.78
Pike,2012,0.88
Pike,2013,0.89
Pike,2014,0.83
Pike,2015,0.86
Pike,2016,0.82
Pike,2017,0.89
Pike,2018,0.83
Powell,2003,0.47
Powell,2006,0.74
Powell,2007,0.8
Powell,2008,0.83
Powell,2009,0.75
Powell,2010,0.81
Powell,2011,0.76
Powell,2012,0.81
Powell,2013,0.81
Powell,2014,0.63
Powell,2015,0.63
Powell,2016,0.69
Powell,2017,0.65
Powell,2018,0.62
Pulaski,2003,0.61
Pulaski,2006,0.41
Pulaski,2007,0.49
Pulaski,2008,0.6
Pulaski,2009,0.57
Pulaski,2010,0.56
Pulaski,2011,0.7
Pulaski,2012,0.68
Pulaski,2013,0.62
Pulaski,2014,0.72
Pulaski,2015,0.69
Pulaski,2016,0.58
Pulaski,2017,0.58
Pulaski,2018,0.59
Robertson,2003,1
Robertson,2006,0.85
Robertson,2007,0.79
Robertson,2008,**
Robertson,2009,0.89
Robertson,2010,0.77
Robertson,2011,0.73
Robertson,2012,0.83
Robertson,2013,0.82
Robertson,2014,0.89
Robertson,2015,S
Robertson,2016,0
Robertson,2017,S
Robertson,2018,S
Rockcastle,2003,0.4
Rockcastle,2006,0.43
Rockcastle,2007,0.5
Rockcastle,2008,0.56
Rockcastle,2009,0.58
Rockcastle,2010,0.54
Rockcastle,2011,0.44
Rockcastle,2012,0.61
Rockcastle,2013,0.71
Rockcastle,2014,0.6
Rockcastle,2015,0.8
Rockcastle,2016,0.8
Rockcastle,2017,0.73
Rockcastle,2018,0.59
Rowan,2003,0.82
Rowan,2006,0.8
Rowan,2007,0.82
Rowan,2008,0.81
Rowan,2009,0.81
Rowan,2010,0.85
Rowan,2011,0.75
Rowan,2012,0.79
Rowan,2013,0.84
Rowan,2014,0.79
Rowan,2015,0.81
Rowan,2016,0.85
Rowan,2017,0.84
Rowan,2018,0.81
Russell,2003,0.79
Russell,2006,0.85
Russell,2007,0.76
Russell,2008,0.89
Russell,2009,0.92
Russell,2010,0.96
Russell,2011,0.93
Russell,2012,0.81
Russell,2013,0.76
Russell,2014,0.83
Russell,2015,0.85
Russell,2016,0.75
Russell,2017,0.76
Russell,2018,0.62
Scott,2003,0.56
Scott,2006,0.61
Scott,2007,0.61
Scott,2008,0.75
Scott,2009,0.87
Scott,2010,0.84
Scott,2011,0.81
Scott,2012,0.78
Scott,2013,0.75
Scott,2014,0.8
Scott,2015,0.79
Scott,2016,0.78
Scott,2017,0.7
Scott,2018,0.54
Shelby,2003,0.79
Shelby,2006,0.65
Shelby,2007,0.7
Shelby,2008,0.7
Shelby,2009,0.7
Shelby,2010,0.77
Shelby,2011,0.75
Shelby,2012,0.69
Shelby,2013,0.7
Shelby,2014,0.65
Shelby,2015,0.62
Shelby,2016,0.55
Shelby,2017,0.46
Shelby,2018,0.57
Simpson,2003,0.88
Simpson,2006,0.84
Simpson,2007,0.84
Simpson,2008,0.89
Simpson,2009,0.93
Simpson,2010,0.98
Simpson,2011,0.93
Simpson,2012,0.98
Simpson,2013,0.9
Simpson,2014,0.89
Simpson,2015,0.88
Simpson,2016,0.86
Simpson,2017,0.74
Simpson,2018,0.67
Spencer,2003,0.33
Spencer,2006,0.25
Spencer,2007,0.48
Spencer,2008,0.56
Spencer,2009,0.5
Spencer,2010,0.48
Spencer,2011,0.53
Spencer,2012,0.7
Spencer,2013,0.74
Spencer,2014,0.48
Spencer,2015,0.7
Spencer,2016,0.73
Spencer,2017,0.65
Spencer,2018,0.51
Taylor,2003,0.89
Taylor,2006,0.64
Taylor,2007,0.8
Taylor,2008,0.84
Taylor,2009,0.84
Taylor,2010,0.84
Taylor,2011,0.87
Taylor,2012,0.8
Taylor,2013,0.78
Taylor,2014,0.81
Taylor,2015,0.73
Taylor,2016,0.71
Taylor,2017,0.75
Taylor,2018,0.54
Todd,2003,0.56
Todd,2006,0.46
Todd,2007,0.61
Todd,2008,0.54
Todd,2009,0.65
Todd,2010,0.58
Todd,2011,0.86
Todd,2012,0.76
Todd,2013,0.72
Todd,2014,0.44
Todd,2015,0.56
Todd,2016,0.6
Todd,2017,0.72
Todd,2018,0.71
Trigg,2003,0.47
Trigg,2006,0.56
Trigg,2007,0.84
Trigg,2008,0.9
Trigg,2009,0.82
Trigg,2010,0.77
Trigg,2011,0.75
Trigg,2012,0.81
Trigg,2013,0.61
Trigg,2014,0.62
Trigg,2015,0.56
Trigg,2016,0.59
Trigg,2017,0.48
Trigg,2018,0.6
Trimble,2003,0.36
Trimble,2006,0.44
Trimble,2007,0.47
Trimble,2008,0.7
Trimble,2009,0.93
Trimble,2010,0.84
Trimble,2011,0.79
Trimble,2012,0.68
Trimble,2013,0.69
Trimble,2014,S
Trimble,2015,0.81
Trimble,2016,0.68
Trimble,2017,0.5
Trimble,2018,0.22
Union,2003,0.62
Union,2006,0.48
Union,2007,0.58
Union,2008,0.78
Union,2009,0.9
Union,2010,0.88
Union,2011,0.88
Union,2012,0.85
Union,2013,0.84
Union,2014,0.67
Union,2015,0.69
Union,2016,0.59
Union,2017,0.69
Union,2018,0.59
Warren,2003,0.84
Warren,2006,0.78
Warren,2007,0.78
Warren,2008,0.78
Warren,2009,0.83
Warren,2010,0.89
Warren,2011,0.84
Warren,2012,0.82
Warren,2013,0.85
Warren,2014,0.82
Warren,2015,0.77
Warren,2016,0.73
Warren,2017,0.69
Warren,2018,0.73
Washington,2003,1
Washington,2006,0.81
Washington,2007,1
Washington,2008,0.35
Washington,2009,0.71
Washington,2010,0.94
Washington,2011,0.77
Washington,2012,0.91
Washington,2013,0.85
Washington,2014,0.8
Washington,2015,0.7
Washington,2016,0.72
Washington,2017,0.85
Washington,2018,0.67
Wayne,2003,0.76
Wayne,2006,0.87
Wayne,2007,0.89
Wayne,2008,0.57
Wayne,2009,0.74
Wayne,2010,0.88
Wayne,2011,0.67
Wayne,2012,0.68
Wayne,2013,0.5
Wayne,2014,0.56
Wayne,2015,0.56
Wayne,2016,0.61
Wayne,2017,0.68
Wayne,2018,0.47
Webster,2003,0.55
Webster,2006,0.83
Webster,2007,0.89
Webster,2008,0.63
Webster,2009,0.67
Webster,2010,0.9
Webster,2011,0.38
Webster,2012,0.5
Webster,2013,0.65
Webster,2014,0.69
Webster,2015,0.73
Webster,2016,0.64
Webster,2017,0.4
Webster,2018,0.65
Whitley,2003,0.67
Whitley,2006,0.64
Whitley,2007,0.62
Whitley,2008,0.5
Whitley,2009,0.47
Whitley,2010,0.66
Whitley,2011,0.57
Whitley,2012,0.59
Whitley,2013,0.6
Whitley,2014,0.6
Whitley,2015,0.45
Whitley,2016,0.45
Whitley,2017,0.57
Whitley,2018,0.64
Wolfe,2003,0.91
Wolfe,2006,0.92
Wolfe,2007,0.64
Wolfe,2008,0.66
Wolfe,2009,0.73
Wolfe,2010,0.72
Wolfe,2011,0.95
Wolfe,2012,0.9
Wolfe,2013,0.8
Wolfe,2014,0.78
Wolfe,2015,S
Wolfe,2016,S
Wolfe,2017,0.89
Wolfe,2018,0.52
Woodford,2003,0.59
Woodford,2006,0.49
Woodford,2007,0.52
Woodford,2008,0.38
Woodford,2009,0.61
Woodford,2010,0.51
Woodford,2011,0.69
Woodford,2012,0.56
Woodford,2013,0.65
Woodford,2014,0.58
Woodford,2015,0.67
Woodford,2016,0.7
Woodford,2017,0.56
Woodford,2018,0.53